Transect Name,Distance Offshore Nautical Miles,Station Depth Meters,Station Code,Start Time Local,latitude,longitude,salmon_id,Common Name,Age Classbylength,field_length_mm,lab_length_mm,weight_g,Stomach Condition Description,Prey Item Genus Species,prey,prey_life_stage,prey_item_count,prey_weight_g,Prey Item Condition Description,prey_big,Genetic Stock Best Estimate,Genetic Stock Best Estimate Probability,Genetic Stock Second Best Estimate,Genetic Stock Second Best Estimate Probability,insulin_level,hatchery,hatchery_prob
NA,NA,118,052515MC11,2015-05-25T13:46:00Z,46.28783,-124.3337,35178,Chinook salmon,yearling,141,142,25.5,Totally digested,EMPTY STOMACH,EMPTY STOMACH,No Food,NA,0,Totally digested,Empty Stomach,Mid&UCR_Sp,0.6382,Snake_Sp,0.3618,44.1806,NA,NA
NA,NA,118,052515MC11,2015-05-25T13:46:00Z,46.28783,-124.3337,35180,Chinook salmon,yearling,133,130,18.5,Totally digested,EMPTY STOMACH,EMPTY STOMACH,No Food,NA,0,Totally digested,Empty Stomach,Snake_Sp,0.9467,Mid&UCR_Sp,0.0533,10.3631,NA,NA
NA,NA,118,052515MC11,2015-05-25T13:46:00Z,46.28783,-124.3337,35181,Chinook salmon,yearling,147,146,27.9,Mostly to spp or genus,CEPHALOPODA,CEPHALOPODA,Juvenile,1,0.693,Mostly to spp or genus,Cephalopods,Snake_Sp,0.9968,NA,NA,63.88,RapidRiver,0.998168
NA,NA,118,052515MC11,2015-05-25T13:46:00Z,46.28783,-124.3337,35185,Chinook salmon,yearling,157,151,30.8,Totally digested,EMPTY STOMACH,EMPTY STOMACH,No Food,NA,0,Totally digested,Empty Stomach,Mid&UCR_Sp,0.8618,Snake_Sp,0.1382,43.6169,NA,NA
NA,NA,118,052515MC11,2015-05-25T13:46:00Z,46.28783,-124.3337,35186,Chinook salmon,yearling,113,112,12.3,Totally digested,EMPTY STOMACH,EMPTY STOMACH,No Food,NA,0,Totally digested,Empty Stomach,Snake_Sp,0.9946,NA,NA,NA,NA,NA
NA,NA,118,052515MC11,2015-05-25T13:46:00Z,46.28783,-124.3337,35187,Chinook salmon,yearling,142,142,24,Most to taxa,CANCER MAGISTER,DUNGENESS CRAB,Megalopa,1,0.019,Most to taxa,Crab,Snake_Sp,0.9942,NA,NA,17.6408,Sawtooth,0.97154
NA,NA,112,052515MC12,2015-05-25T16:19:00Z,46.26817,-124.3152,35253,Chinook salmon,yearling,210,203,95.7,Most to taxa,OSTEICHTHYES,BONY FISHES,Juvenile,0,0.343,Most to taxa,Fish,Snake_Sp,0.5058,Mid&UCR_Sp,0.4942,67.12968,NA,NA
NA,NA,112,052515MC12,2015-05-25T16:19:00Z,46.26817,-124.3152,35254,Chinook salmon,yearling,140,144,25.6,Most to taxa,TEUTHIDA,SQUIDS,Juvenile,1,0.099,Most to taxa,Cephalopods,Snake_Sp,0.9979,NA,NA,18.49273,Sawtooth,0.988382
NA,NA,112,052515MC12,2015-05-25T16:19:00Z,46.26817,-124.3152,35255,Chinook salmon,yearling,140,138,25.1,Most to taxa,CANCER MAGISTER,DUNGENESS CRAB,Megalopa,2,0.068,Most to taxa,Crab,Mid&UCR_Sp,0.6148,Snake_Sp,0.3852,42.2375,NA,NA
NA,NA,112,052515MC12,2015-05-25T16:19:00Z,46.26817,-124.3152,35257,Chinook salmon,yearling,150,150,32.3,Most to taxa,SEBASTES,ROCKFISH,Juvenile,1,0.445,Most to taxa,Fish,Snake_Sp,0.999139,NA,NA,56.5916,RapidRiver,0.999139
NA,NA,112,052515MC12,2015-05-25T16:19:00Z,46.26817,-124.3152,35261,Chinook salmon,yearling,136,137,21.2,Most to genus or taxa,CANCER OREGONENSIS/PRODUCTUS,CANCER OREG/PROD,Megalopa,6,0.069,Most to genus or taxa,Crab,Snake_Sp,0.9996,NA,NA,10.06882,RapidRiver,0.996893
NA,NA,112,052515MC12,2015-05-25T16:19:00Z,46.26817,-124.3152,35261,Chinook salmon,yearling,136,137,21.2,Most to genus or taxa,CANCER,CANCER,Zoea,1,0.003,Most to genus or taxa,Crab,Snake_Sp,0.9996,NA,NA,10.06882,RapidRiver,0.996893
NA,NA,112,052515MC12,2015-05-25T16:19:00Z,46.26817,-124.3152,35261,Chinook salmon,yearling,136,137,21.2,Most to genus or taxa,HYPERIIDAE,HYPERIIDAE,Adult,1,0.001,Most to genus or taxa,Plankton/Crustaceans,Snake_Sp,0.9996,NA,NA,10.06882,RapidRiver,0.996893
NA,NA,112,052515MC12,2015-05-25T16:19:00Z,46.26817,-124.3152,35262,Chinook salmon,yearling,141,137,24.6,Some to taxa,OSTEICHTHYES,BONY FISHES,Material,0,0.05,Some to taxa,Fish,Mid&UCR_Sp,0.5379,Snake_Sp,0.4621,51.88932,NA,NA
NA,NA,112,052515MC12,2015-05-25T16:19:00Z,46.26817,-124.3152,35262,Chinook salmon,yearling,141,137,24.6,Some to taxa,CANCER,CANCER,Megalopa,0,0.028,Some to taxa,Crab,Mid&UCR_Sp,0.5379,Snake_Sp,0.4621,51.88932,NA,NA
NA,NA,112,052515MC12,2015-05-25T16:19:00Z,46.26817,-124.3152,35266,Chinook salmon,yearling,140,138,23.9,Most to genus or taxa,CANCER OREGONENSIS/PRODUCTUS,CANCER OREG/PROD,Megalopa,2,0.026,Most to genus or taxa,Crab,Snake_Sp,0.9841,Mid&UCR_Sp,0.0159,49.67004,McCall,0.998734
NA,NA,112,052515MC12,2015-05-25T16:19:00Z,46.26817,-124.3152,35267,Chinook salmon,yearling,137,136,21.2,Most to taxa,CANCER OREGONENSIS/PRODUCTUS,CANCER OREG/PROD,Megalopa,0,0.052,Most to taxa,Crab,Snake_Sp,0.9616,Mid&UCR_Sp,0.0384,25.49665,McCall,0.999349
NA,NA,106,052515MC13,2015-05-25T18:22:00Z,46.30917,-124.3385,35277,Chinook salmon,yearling,134,131,19.2,Most to taxa,CANCER MAGISTER,DUNGENESS CRAB,Megalopa,2,0.039,Most to taxa,Crab,Snake_Sp,0.986,Mid&UCR_Sp,0.014,12.17949,Sawtooth,0.954414
NA,NA,95,052615MC14,2015-05-26T07:33:00Z,46.31533,-124.3245,35280,Chinook salmon,yearling,120,114,14.6,Totally digested,EMPTY STOMACH,EMPTY STOMACH,No Food,NA,0,Totally digested,Empty Stomach,Snake_Sp,0.9816,Mid&UCR_Sp,0.0184,NA,NA,NA
NA,NA,95,052615MC14,2015-05-26T07:33:00Z,46.31533,-124.3245,35281,Chinook salmon,yearling,168,162,42.5,Some to taxa,CANCER,CANCER,Megalopa,1,0.003,Some to taxa,Crab,Snake_Sp,1,NA,NA,46.95129,LyonsFerry,0.99938
NA,NA,95,052615MC14,2015-05-26T07:33:00Z,46.31533,-124.3245,35282,Chinook salmon,yearling,135,129,19.4,Some to taxa,UNIDENTIFIED,UNIDENTIFIED MATERIAL,Material,0,0.007,Some to taxa,Inorganic Material,Snake_Sp,0.998813,NA,NA,15.2622,Lookingglass,0.998813
NA,NA,108,052615MC15,2015-05-26T09:16:00Z,46.33133,-124.3745,35289,Chinook salmon,yearling,150,146,30.7,Most to genus or taxa,SEBASTES,ROCKFISH,Juvenile,2,0.889,Most to genus or taxa,Fish,Snake_Sp,0.6842,Mid&UCR_Sp,0.3158,34.28452,NA,NA
NA,NA,108,052615MC15,2015-05-26T09:16:00Z,46.33133,-124.3745,35291,Chinook salmon,yearling,166,161,45.1,Most to genus or taxa,PLEURONECTIDAE,RIGHTEYED FLATFISH,Juvenile,1,0.143,Most to genus or taxa,Fish,Snake_Sp,0.999866,NA,NA,52.29648,Powell,0.999866
NA,NA,109,052615MC16,2015-05-26T10:24:00Z,46.3475,-124.4012,35295,Chinook salmon,yearling,135,129,22.6,Most to taxa,OSTEICHTHYES,BONY FISHES,Juvenile,1,0.515,Most to taxa,Fish,Mid&UCR_Sp,0.9245,Snake_Sp,0.0755,44.77381,NA,NA
NA,NA,109,052615MC16,2015-05-26T10:24:00Z,46.3475,-124.4012,35296,Chinook salmon,yearling,151,146,27.6,Some to taxa,OSTEICHTHYES,BONY FISHES,Material,0,0.064,Some to taxa,Fish,Snake_Sp,0.9573,Mid&UCR_Sp,0.0427,36.39648,NA,NA
NA,NA,109,052615MC16,2015-05-26T10:24:00Z,46.3475,-124.4012,35297,Chinook salmon,yearling,131,126,19.9,Most to taxa,OSTEICHTHYES,BONY FISHES,Juvenile,2,0.242,Most to taxa,Fish,Snake_Sp,0.9935,NA,NA,42.58899,Lookingglass,0.99549
NA,NA,109,052615MC16,2015-05-26T10:24:00Z,46.3475,-124.4012,35298,Chinook salmon,yearling,141,138,27.8,Some to taxa,OSTEICHTHYES,BONY FISHES,Juvenile,1,0.275,Some to taxa,Fish,Snake_Sp,0.7654,Mid&UCR_Sp,0.2346,51.8666,LyonsFerry,0.996228
NA,NA,109,052615MC16,2015-05-26T10:24:00Z,46.3475,-124.4012,35299,Chinook salmon,yearling,142,137,25,Most to genus or taxa,SEBASTES,ROCKFISH,Juvenile,1,0.631,Most to genus or taxa,Fish,Snake_Sp,0.9728,Mid&UCR_Sp,0.0272,18.65365,Sawtooth,0.999703
NA,NA,106,052615MC18,2015-05-26T13:24:00Z,46.28683,-124.3235,35345,Chinook salmon,yearling,141,138,19.8,Totally digested,EMPTY STOMACH,EMPTY STOMACH,No Food,0,0,Totally digested,Empty Stomach,Mid&UCR_Sp,0.9336,Snake_Sp,0.0664,5.888288,NA,NA
NA,NA,106,052615MC18,2015-05-26T13:24:00Z,46.28683,-124.3235,35346,Chinook salmon,yearling,142,140,24.6,Most to taxa,CANCER MAGISTER,DUNGENESS CRAB,Megalopa,3,0.107,Most to taxa,Crab,Mid&UCR_Sp,0.9759,Snake_Sp,0.0241,48.65406,NA,NA
NA,NA,106,052615MC18,2015-05-26T13:24:00Z,46.28683,-124.3235,35348,Chinook salmon,yearling,139,135,21.1,Totally digested,EMPTY STOMACH,EMPTY STOMACH,No Food,NA,0,Totally digested,Empty Stomach,Snake_Sp,0.9882,Mid&UCR_Sp,0.0118,18.69,RapidRiver,0.999836
NA,NA,106,052615MC18,2015-05-26T13:24:00Z,46.28683,-124.3235,35349,Chinook salmon,yearling,147,145,31.2,Totally digested,EMPTY STOMACH,EMPTY STOMACH,No Food,NA,0,Totally digested,Empty Stomach,Snake_Sp,0.997698,NA,NA,50.4806,McCall,0.997698
NA,NA,106,052615MC18,2015-05-26T13:24:00Z,46.28683,-124.3235,35351,Chinook salmon,yearling,149,138,22.7,Most to genus or taxa,CANCER OREGONENSIS/PRODUCTUS,CANCER OREG/PROD,Megalopa,7,0.04,Most to genus or taxa,Crab,Snake_Sp,0.998,NA,NA,33.97255,Sawtooth,0.996876
NA,NA,106,052615MC18,2015-05-26T13:24:00Z,46.28683,-124.3235,35351,Chinook salmon,yearling,149,138,22.7,Most to genus or taxa,PAGURIDAE,PAGURIDAE,Megalopa,2,0.003,Most to genus or taxa,Crab,Snake_Sp,0.998,NA,NA,33.97255,Sawtooth,0.996876
NA,NA,106,052615MC18,2015-05-26T13:24:00Z,46.28683,-124.3235,35353,Chinook salmon,yearling,133,131,22.6,Most to taxa,CANCER OREGONENSIS/PRODUCTUS,CANCER OREG/PROD,Megalopa,1,0.017,Most to taxa,Crab,Snake_Sp,0.6715,Mid&UCR_Sp,0.3285,58.85204,NA,NA
NA,NA,106,052615MC18,2015-05-26T13:24:00Z,46.28683,-124.3235,35356,Chinook salmon,yearling,147,143,25.9,Totally digested,EMPTY STOMACH,EMPTY STOMACH,No Food,NA,0,Totally digested,Empty Stomach,Snake_Sp,0.9997,NA,NA,44.71016,RapidRiver,0.995912
NA,NA,106,052615MC18,2015-05-26T13:24:00Z,46.28683,-124.3235,35359,Chinook salmon,yearling,142,139,21,Most to taxa,CANCER OREGONENSIS/PRODUCTUS,CANCER OREG/PROD,Megalopa,1,0.012,Most to taxa,Crab,Mid&UCR_Sp,0.7283,Snake_Sp,0.2717,9.198904,NA,NA
NA,NA,106,052615MC18,2015-05-26T13:24:00Z,46.28683,-124.3235,35360,Chinook salmon,yearling,135,131,20.9,Mostly to spp or genus,SEBASTES,ROCKFISH,Juvenile,1,0.531,Mostly to spp or genus,Fish,Snake_Sp,0.545,Mid&UCR_Sp,0.455,38.92592,McCall,0.9997
NA,NA,106,052615MC18,2015-05-26T13:24:00Z,46.28683,-124.3235,35363,Chinook salmon,yearling,151,147,28.9,Most to genus or taxa,SEBASTES,ROCKFISH,Juvenile,1,0.291,Most to genus or taxa,Fish,Snake_Sp,0.9893,Mid&UCR_Sp,0.0107,37.2141,NA,NA
NA,NA,106,052615MC18,2015-05-26T13:24:00Z,46.28683,-124.3235,35363,Chinook salmon,yearling,151,147,28.9,Most to genus or taxa,HYPERIIDAE,HYPERIIDAE,Adult,2,0.01,Most to genus or taxa,Plankton/Crustaceans,Snake_Sp,0.9893,Mid&UCR_Sp,0.0107,37.2141,NA,NA
NA,NA,106,052615MC18,2015-05-26T13:24:00Z,46.28683,-124.3235,35365,Chinook salmon,yearling,140,140,24.9,Totally digested,EMPTY STOMACH,EMPTY STOMACH,No Food,NA,0,Totally digested,Empty Stomach,Snake_Sp,0.9888,Mid&UCR_Sp,0.0112,48.0663,Lookingglass,0.886088
NA,NA,106,052615MC18,2015-05-26T13:24:00Z,46.28683,-124.3235,35366,Chinook salmon,yearling,147,143,25.6,Totally digested,UNIDENTIFIED,UNIDENTIFIED MATERIAL,Material,0,0.069,Totally digested,Inorganic Material,Snake_Sp,0.9998,NA,NA,16.90899,RapidRiver,0.999155
NA,NA,106,052615MC18,2015-05-26T13:24:00Z,46.28683,-124.3235,35367,Chinook salmon,yearling,129,129,18.9,Most to genus or taxa,PLEURONECTIDAE,RIGHTEYED FLATFISH,Juvenile,2,0.093,Most to genus or taxa,Fish,Snake_Sp,0.992196,NA,NA,43.67218,Sawtooth,0.992196
NA,NA,106,052615MC18,2015-05-26T13:24:00Z,46.28683,-124.3235,35367,Chinook salmon,yearling,129,129,18.9,Most to genus or taxa,CANCER OREGONENSIS/PRODUCTUS,CANCER OREG/PROD,Megalopa,21,0.16,Most to genus or taxa,Crab,Snake_Sp,0.992196,NA,NA,43.67218,Sawtooth,0.992196
NA,NA,106,052615MC18,2015-05-26T13:24:00Z,46.28683,-124.3235,35368,Chinook salmon,yearling,146,142,25.8,Some to taxa,OSTEICHTHYES,BONY FISHES,Material,1,0.015,Some to taxa,Fish,Snake_Sp,0.9999,NA,NA,42.10609,Sawtooth,0.999013
NA,NA,106,052615MC18,2015-05-26T13:24:00Z,46.28683,-124.3235,35369,Chinook salmon,yearling,150,145,27.3,Totally digested,EMPTY STOMACH,EMPTY STOMACH,No Food,NA,0,Totally digested,Empty Stomach,Snake_Sp,0.998981,NA,NA,63.24888,Lookingglass,0.998981
NA,NA,106,052615MC18,2015-05-26T13:24:00Z,46.28683,-124.3235,35371,Chinook salmon,yearling,139,138,23.2,Some to taxa,CANCER OREGONENSIS/PRODUCTUS,CANCER OREG/PROD,Megalopa,1,0.021,Some to taxa,Crab,Snake_Sp,0.9985,NA,NA,46.71405,RapidRiver,0.993498
NA,NA,106,052615MC18,2015-05-26T13:24:00Z,46.28683,-124.3235,35372,Chinook salmon,yearling,141,140,23.2,Most to taxa,CANCER MAGISTER,DUNGENESS CRAB,Megalopa,3,0.084,Most to taxa,Crab,Snake_Sp,0.9991,NA,NA,60.95986,McCall,0.999097
NA,NA,106,052615MC18,2015-05-26T13:24:00Z,46.28683,-124.3235,35373,Chinook salmon,yearling,160,144,29.1,Most to taxa,CANCER MAGISTER,DUNGENESS CRAB,Megalopa,3,0.074,Most to taxa,Crab,Snake_Sp,0.9993,NA,NA,48.0096,McCall,0.996556
NA,NA,106,052615MC18,2015-05-26T13:24:00Z,46.28683,-124.3235,35398,Chinook salmon,yearling,190,181,73.1,Most to taxa,SEBASTES,ROCKFISH,Juvenile,2,1.185,Most to taxa,Fish,Snake_F,0.8502,UCR_Su/F,0.1498,64.66582,NA,NA
NA,NA,126,052615MC19,2015-05-26T15:07:00Z,46.25583,-124.3223,35405,Chinook salmon,yearling,115,115,12.7,Some to taxa,CANCER OREGONENSIS/PRODUCTUS,CANCER OREG/PROD,Megalopa,1,0.006,Some to taxa,Crab,Snake_Sp,0.9949,NA,NA,14.03,NA,NA
NA,NA,126,052615MC19,2015-05-26T15:07:00Z,46.25583,-124.3223,35406,Chinook salmon,yearling,156,151,36,Most to taxa,PANDALIDAE,PANDALIDAE,Juvenile,1,0.004,Most to taxa,Plankton/Crustaceans,Snake_Sp,0.964,Mid&UCR_Sp,0.036,51.64885,NA,NA
NA,NA,126,052615MC19,2015-05-26T15:07:00Z,46.25583,-124.3223,35406,Chinook salmon,yearling,156,151,36,Most to taxa,CANCER MAGISTER,DUNGENESS CRAB,Megalopa,1,0.021,Most to taxa,Crab,Snake_Sp,0.964,Mid&UCR_Sp,0.036,51.64885,NA,NA
NA,NA,126,052615MC19,2015-05-26T15:07:00Z,46.25583,-124.3223,35407,Chinook salmon,yearling,141,138,25.3,Totally digested,EMPTY STOMACH,EMPTY STOMACH,No Food,NA,0,Totally digested,Empty Stomach,Mid&UCR_Sp,0.9989,NA,NA,50.68898,NA,NA
NA,NA,126,052615MC19,2015-05-26T15:07:00Z,46.25583,-124.3223,35408,Chinook salmon,yearling,146,141,26.6,Totally digested,EMPTY STOMACH,EMPTY STOMACH,No Food,NA,0,Totally digested,Empty Stomach,Snake_Sp,0.8864,Mid&UCR_Sp,0.1136,44.27989,McCall,0.998128
NA,NA,109,052615MC16,2015-05-26T10:24:00Z,46.3475,-124.4012,35301,Chinook salmon,yearling,175,170,55.7,Mostly to spp or genus,CANCER OREGONENSIS/PRODUCTUS,CANCER OREG/PROD,Megalopa,11,0.099,Mostly to spp or genus,Crab,Mid&UCR_Sp,0.7216,Snake_Sp,0.2784,63.6007,NA,NA
NA,NA,109,052615MC16,2015-05-26T10:24:00Z,46.3475,-124.4012,35302,Chinook salmon,yearling,145,137,29.9,Most to taxa,SEBASTES,ROCKFISH,Juvenile,1,0.767,Most to taxa,Fish,Mid&UCR_Sp,0.8849,Snake_Sp,0.1151,46.07202,NA,NA
NA,NA,109,052615MC16,2015-05-26T10:24:00Z,46.3475,-124.4012,35304,Chinook salmon,yearling,137,135,19.1,Totally digested,EMPTY STOMACH,EMPTY STOMACH,No Food,0,0,Totally digested,Empty Stomach,Snake_Sp,1,NA,NA,23.5075,RapidRiver,0.971713
NA,NA,109,052615MC16,2015-05-26T10:24:00Z,46.3475,-124.4012,35305,Chinook salmon,yearling,141,140,26.5,Mostly to spp or genus,SEBASTES,ROCKFISH,Juvenile,1,0.656,Mostly to spp or genus,Fish,Mid&UCR_Sp,0.991,NA,NA,43.15011,NA,NA
NA,NA,109,052615MC16,2015-05-26T10:24:00Z,46.3475,-124.4012,35306,Chinook salmon,yearling,149,143,30.5,Most to taxa,OSTEICHTHYES,BONY FISHES,Juvenile,1,0.688,Most to taxa,Fish,Snake_Sp,0.997,NA,NA,45.68402,Sawtooth,0.986654
NA,NA,109,052615MC16,2015-05-26T10:24:00Z,46.3475,-124.4012,35307,Chinook salmon,yearling,170,164,48.9,Some to taxa,OSTEICHTHYES,BONY FISHES,Material,0,0.092,Some to taxa,Fish,Snake_Sp,0.9991,NA,NA,59.35156,RapidRiver,0.998363
NA,NA,109,052615MC16,2015-05-26T10:24:00Z,46.3475,-124.4012,35308,Chinook salmon,yearling,140,NA,23.5,Most to genus or taxa,SEBASTES,ROCKFISH,Juvenile,1,0.527,Most to genus or taxa,Fish,Snake_Sp,1,NA,NA,32.46895,RapidRiver,0.998623
NA,NA,109,052615MC16,2015-05-26T10:24:00Z,46.3475,-124.4012,35310,Chinook salmon,yearling,158,151,34,Totally digested,EMPTY STOMACH,EMPTY STOMACH,No Food,NA,0,Totally digested,Empty Stomach,Snake_Sp,0.9998,NA,NA,50.7942,RapidRiver,0.999514
NA,NA,109,052615MC16,2015-05-26T10:24:00Z,46.3475,-124.4012,35319,Chinook salmon,yearling,132,129,18.4,Some to taxa,INSECTA,INSECT,Material,1,0.005,Some to taxa,Insect,Snake_Sp,0.9991,NA,NA,NA,McCall,0.993985
NA,NA,109,052615MC16,2015-05-26T10:24:00Z,46.3475,-124.4012,35320,Chinook salmon,yearling,152,149,29.3,Most to genus or taxa,CANCER OREGONENSIS/PRODUCTUS,CANCER OREG/PROD,Megalopa,5,0.055,Most to genus or taxa,Crab,Snake_Sp,0.9964,NA,NA,30.5059,McCall,0.999388
NA,NA,109,052615MC16,2015-05-26T10:24:00Z,46.3475,-124.4012,35320,Chinook salmon,yearling,152,149,29.3,Most to genus or taxa,FABIA SUBQUADRATA,GROOVED MUSSEL CRAB,Zoea,3,0.011,Most to genus or taxa,Crab,Snake_Sp,0.9964,NA,NA,30.5059,McCall,0.999388
NA,NA,109,052615MC16,2015-05-26T10:24:00Z,46.3475,-124.4012,35320,Chinook salmon,yearling,152,149,29.3,Most to genus or taxa,PINNIXA,PEA CRABS,Megalopa,1,0.001,Most to genus or taxa,Crab,Snake_Sp,0.9964,NA,NA,30.5059,McCall,0.999388
NA,NA,109,052615MC16,2015-05-26T10:24:00Z,46.3475,-124.4012,35320,Chinook salmon,yearling,152,149,29.3,Most to genus or taxa,PORCELLANIDAE,PORCELLANIDAE,Megalopa,1,0.001,Most to genus or taxa,Crab,Snake_Sp,0.9964,NA,NA,30.5059,McCall,0.999388
NA,NA,110,052615MC17,2015-05-26T12:00:00Z,46.3115,-124.3537,35321,Chinook salmon,yearling,137,131,22.9,Most to taxa,CANCER ANTENNARIUS/GRACILIS,CANCER ANT/GRAC,Megalopa,1,0.019,Most to taxa,Crab,Mid&UCR_Sp,0.9994,NA,NA,43.47403,NA,NA
NA,NA,110,052615MC17,2015-05-26T12:00:00Z,46.3115,-124.3537,35322,Chinook salmon,yearling,192,186,83.9,Most to taxa,CANCER MAGISTER,DUNGENESS CRAB,Megalopa,1,0.027,Most to taxa,Crab,Snake_F,0.9971,NA,NA,87.7846,NA,NA
NA,NA,110,052615MC17,2015-05-26T12:00:00Z,46.3115,-124.3537,35322,Chinook salmon,yearling,192,186,83.9,Most to taxa,SEBASTES,ROCKFISH,Juvenile,3,1.626,Most to taxa,Fish,Snake_F,0.9971,NA,NA,87.7846,NA,NA
NA,NA,110,052615MC17,2015-05-26T12:00:00Z,46.3115,-124.3537,35325,Chinook salmon,yearling,159,154,29.9,Totally digested,EMPTY STOMACH,EMPTY STOMACH,No Food,NA,0,Totally digested,Empty Stomach,Snake_Sp,0.9836,Mid&UCR_Sp,0.0164,33.76443,McCall,0.998982
NA,NA,110,052615MC17,2015-05-26T12:00:00Z,46.3115,-124.3537,35326,Chinook salmon,yearling,145,141,25.3,Some to taxa,UNIDENTIFIED,UNIDENTIFIED MATERIAL,Material,0,0.011,Some to taxa,Inorganic Material,Snake_Sp,0.9978,NA,NA,46.32037,RapidRiver,0.99893
NA,NA,110,052615MC17,2015-05-26T12:00:00Z,46.3115,-124.3537,35328,Chinook salmon,yearling,171,167,52.4,Most to taxa,OSTEICHTHYES,BONY FISHES,Juvenile,1,0.724,Most to taxa,Fish,Mid&UCR_Sp,0.9632,Snake_Sp,0.0368,66.0101,NA,NA
NA,NA,110,052615MC17,2015-05-26T12:00:00Z,46.3115,-124.3537,35329,Chinook salmon,yearling,142,136,21.4,Most to genus or taxa,FABIA SUBQUADRATA,GROOVED MUSSEL CRAB,Zoea,1,0.005,Most to genus or taxa,Crab,Mid&UCR_Sp,0.9649,Snake_Sp,0.0351,33.3247,NA,NA
NA,NA,110,052615MC17,2015-05-26T12:00:00Z,46.3115,-124.3537,35329,Chinook salmon,yearling,142,136,21.4,Most to genus or taxa,CANCER MAGISTER,DUNGENESS CRAB,Megalopa,2,0.051,Most to genus or taxa,Crab,Mid&UCR_Sp,0.9649,Snake_Sp,0.0351,33.3247,NA,NA
NA,NA,110,052615MC17,2015-05-26T12:00:00Z,46.3115,-124.3537,35332,Chinook salmon,yearling,141,138,25.3,Most to taxa,PANDALIDAE,PANDALIDAE,Juvenile,1,0.03,Most to taxa,Plankton/Crustaceans,Mid&UCR_Sp,0.8892,Snake_Sp,0.1108,43.0326,NA,NA
NA,NA,110,052615MC17,2015-05-26T12:00:00Z,46.3115,-124.3537,35332,Chinook salmon,yearling,141,138,25.3,Most to taxa,SEBASTES,ROCKFISH,Juvenile,2,0.295,Most to taxa,Fish,Mid&UCR_Sp,0.8892,Snake_Sp,0.1108,43.0326,NA,NA
NA,NA,110,052615MC17,2015-05-26T12:00:00Z,46.3115,-124.3537,35333,Chinook salmon,yearling,149,145,27.5,Most to taxa,SEBASTES,ROCKFISH,Juvenile,1,0.403,Most to taxa,Fish,Snake_Sp,0.9753,Mid&UCR_Sp,0.0247,NA,McCall,0.998566
NA,NA,106,052615MC18,2015-05-26T13:24:00Z,46.28683,-124.3235,35340,Chinook salmon,yearling,130,125,19.1,Some to taxa,OSTEICHTHYES,BONY FISHES,Juvenile,1,0.112,Some to taxa,Fish,Mid&UCR_Sp,0.9999,NA,NA,40.64575,NA,NA
NA,NA,106,052615MC18,2015-05-26T13:24:00Z,46.28683,-124.3235,35342,Chinook salmon,yearling,178,171,66.5,Most to genus or taxa,SEBASTES,ROCKFISH,Juvenile,3,2.769,Most to genus or taxa,Fish,Snake_F,0.9993,NA,NA,74.41463,NA,NA
NA,NA,106,052615MC18,2015-05-26T13:24:00Z,46.28683,-124.3235,35343,Chinook salmon,yearling,151,148,27.6,Most to taxa,CANCER MAGISTER,DUNGENESS CRAB,Megalopa,0,0.073,Most to taxa,Crab,Snake_Sp,0.9468,Mid&UCR_Sp,0.0532,11.40087,NA,NA
NA,NA,106,052615MC18,2015-05-26T13:24:00Z,46.28683,-124.3235,35344,Chinook salmon,yearling,153,149,32.2,Totally digested,EMPTY STOMACH,EMPTY STOMACH,No Food,0,0,Totally digested,Empty Stomach,Mid&UCR_Sp,0.9896,Snake_Sp,0.0104,49.04436,NA,NA
NA,NA,131,052415MC1,2015-05-24T08:10:00Z,46.16983,-124.4562,34961,Chinook salmon,yearling,171,NA,53.9,Most to taxa,OSTEICHTHYES,BONY FISHES,Juvenile,1,0.884,Most to taxa,Fish,Snake_F,0.9935,NA,NA,66.71667,NA,NA
NA,NA,131,052415MC1,2015-05-24T08:10:00Z,46.16983,-124.4562,34962,Chinook salmon,yearling,210,204,110.1,Some to taxa,OSTEICHTHYES,BONY FISHES,Material,0,0.111,Some to taxa,Fish,Snake_F,0.9998,NA,NA,83.54646,NA,NA
NA,NA,131,052415MC1,2015-05-24T08:10:00Z,46.16983,-124.4562,34963,Chinook salmon,yearling,195,190,77.5,Totally digested,EMPTY STOMACH,EMPTY STOMACH,No Food,NA,0,Totally digested,Empty Stomach,Snake_F,0.9996,NA,NA,54.14941,NA,NA
NA,NA,131,052415MC1,2015-05-24T08:10:00Z,46.16983,-124.4562,34965,Chinook salmon,yearling,150,154,35.6,Totally digested,EMPTY STOMACH,EMPTY STOMACH,No Food,0,0,Totally digested,Empty Stomach,Snake_Sp,0.9999,NA,NA,43.1334,RapidRiver,0.999838
NA,NA,131,052415MC1,2015-05-24T08:10:00Z,46.16983,-124.4562,34967,Chinook salmon,yearling,185,179,70.8,Totally digested,UNIDENTIFIED,UNIDENTIFIED MATERIAL,Material,0,0.031,Totally digested,Inorganic Material,Snake_Sp,0.9833,Mid&UCR_Sp,0.0167,64.42636,Pahsimeroi,0.999597
NA,NA,131,052415MC1,2015-05-24T08:10:00Z,46.16983,-124.4562,34968,Chinook salmon,yearling,170,166,46.7,Some to taxa,OSTEICHTHYES,BONY FISHES,Juvenile,2,0.108,Some to taxa,Fish,Snake_Sp,0.9982,NA,NA,50.8518,McCall,0.998464
NA,NA,132,052415MC2,2015-05-24T10:29:00Z,46.1995,-124.481,34979,Chinook salmon,yearling,171,164,53.6,Mostly to spp or genus,PLEURONECTIDAE,RIGHTEYED FLATFISH,Juvenile,10,2.102,Mostly to spp or genus,Fish,Snake_Sp,0.9996,NA,NA,54.53255,RapidRiver,0.998652
NA,NA,132,052415MC2,2015-05-24T10:29:00Z,46.1995,-124.481,34981,Chinook salmon,yearling,155,151,33.7,Most to genus or taxa,PLEURONECTIDAE,RIGHTEYED FLATFISH,Juvenile,0,0.234,Most to genus or taxa,Fish,Snake_Sp,0.9088,Mid&UCR_Sp,0.0912,45.9684,RapidRiver,0.99739
NA,NA,132,052415MC2,2015-05-24T10:29:00Z,46.1995,-124.481,34981,Chinook salmon,yearling,155,151,33.7,Most to genus or taxa,CEPHALOPODA,CEPHALOPODA,Juvenile,1,0.445,Most to genus or taxa,Cephalopods,Snake_Sp,0.9088,Mid&UCR_Sp,0.0912,45.9684,RapidRiver,0.99739
NA,NA,132,052415MC2,2015-05-24T10:29:00Z,46.1995,-124.481,34982,Chinook salmon,yearling,165,157,43.1,Most to genus or taxa,SEBASTES,ROCKFISH,Juvenile,1,0.914,Most to genus or taxa,Fish,Snake_Sp,0.9999,NA,NA,53.2652,RapidRiver,0.997508
NA,NA,132,052415MC2,2015-05-24T10:29:00Z,46.1995,-124.481,34983,Chinook salmon,yearling,152,150,31.9,Totally digested,EMPTY STOMACH,EMPTY STOMACH,No Food,NA,0,Totally digested,Empty Stomach,Snake_Sp,0.6277,Mid&UCR_Sp,0.3723,31.8003,NA,NA
NA,NA,132,052415MC2,2015-05-24T10:29:00Z,46.1995,-124.481,34984,Chinook salmon,yearling,151,143,30.3,Most to genus or taxa,PLEURONECTIDAE,RIGHTEYED FLATFISH,Juvenile,2,0.205,Most to genus or taxa,Fish,Snake_Sp,0.9583,Mid&UCR_Sp,0.0417,42.71457,RapidRiver,0.998421
NA,NA,132,052415MC2,2015-05-24T10:29:00Z,46.1995,-124.481,34985,Chinook salmon,yearling,150,143,32.4,Some to taxa,OSTEICHTHYES,BONY FISHES,Juvenile,1,0.171,Some to taxa,Fish,Snake_Sp,0.9648,Mid&UCR_Sp,0.0352,61.0072,Sawtooth,0.999798
NA,NA,132,052415MC2,2015-05-24T10:29:00Z,46.1995,-124.481,34986,Chinook salmon,yearling,150,141,27.5,Mostly to spp or genus,TEUTHIDA,SQUIDS,Juvenile,1,0.289,Mostly to spp or genus,Cephalopods,Snake_Sp,0.999848,NA,NA,42.96993,Sawtooth,0.999848
NA,NA,129,052415MC3,2015-05-24T12:05:00Z,46.16217,-124.4445,35001,Chinook salmon,yearling,193,182,80.2,Most to genus or taxa,PLEURONECTIDAE,RIGHTEYED FLATFISH,Juvenile,6,1.109,Most to genus or taxa,Fish,Snake_F,0.9867,UCR_Su/F,0.0133,61.53401,NA,NA
NA,NA,129,052415MC3,2015-05-24T12:05:00Z,46.16217,-124.4445,35001,Chinook salmon,yearling,193,182,80.2,Most to genus or taxa,SEBASTES,ROCKFISH,Juvenile,3,2.174,Most to genus or taxa,Fish,Snake_F,0.9867,UCR_Su/F,0.0133,61.53401,NA,NA
NA,NA,129,052415MC3,2015-05-24T12:05:00Z,46.16217,-124.4445,35002,Chinook salmon,yearling,148,143,29.2,Most to taxa,CANCER OREGONENSIS/PRODUCTUS,CANCER OREG/PROD,Megalopa,4,0.059,Most to taxa,Crab,Snake_Sp,0.9999,NA,NA,56.76962,RapidRiver,0.99886
NA,NA,129,052415MC3,2015-05-24T12:05:00Z,46.16217,-124.4445,35002,Chinook salmon,yearling,148,143,29.2,Most to taxa,OSTEICHTHYES,BONY FISHES,Juvenile,1,0.034,Most to taxa,Fish,Snake_Sp,0.9999,NA,NA,56.76962,RapidRiver,0.99886
NA,NA,130,052415MC4,2015-05-24T13:51:00Z,46.17117,-124.451,35011,Chinook salmon,yearling,120,122,16.8,Totally digested,EMPTY STOMACH,EMPTY STOMACH,No Food,NA,0,Totally digested,Empty Stomach,Mid&UCR_Sp,0.8442,Snake_Sp,0.1558,28.41,NA,NA
NA,NA,130,052415MC4,2015-05-24T13:51:00Z,46.17117,-124.451,35015,Chinook salmon,yearling,141,140,23.8,Totally digested,EMPTY STOMACH,EMPTY STOMACH,No Food,NA,0,Totally digested,Empty Stomach,Snake_Sp,1,NA,NA,28.44501,RapidRiver,0.997687
NA,NA,130,052415MC4,2015-05-24T13:51:00Z,46.17117,-124.451,35018,Chinook salmon,yearling,151,150,30.4,Some to taxa,INSECTA,INSECT,Parts,1,0.009,Some to taxa,Insect,Snake_Sp,1,NA,NA,45.49155,McCall,0.999816
NA,NA,130,052415MC4,2015-05-24T13:51:00Z,46.17117,-124.451,35018,Chinook salmon,yearling,151,150,30.4,Some to taxa,CANCER MAGISTER,DUNGENESS CRAB,Megalopa,1,0.049,Some to taxa,Crab,Snake_Sp,1,NA,NA,45.49155,McCall,0.999816
NA,NA,130,052415MC4,2015-05-24T13:51:00Z,46.17117,-124.451,35019,Chinook salmon,yearling,139,139,26.5,Totally digested,EMPTY STOMACH,EMPTY STOMACH,No Food,NA,0,Totally digested,Empty Stomach,Snake_Sp,0.745,Mid&UCR_Sp,0.255,70.73758,Lookingglass,0.996182
NA,NA,130,052415MC4,2015-05-24T13:51:00Z,46.17117,-124.451,35020,Chinook salmon,yearling,137,138,20.6,Totally digested,EMPTY STOMACH,EMPTY STOMACH,No Food,NA,0,Totally digested,Empty Stomach,Snake_Sp,1,NA,NA,20.48173,RapidRiver,0.998968
NA,NA,130,052415MC4,2015-05-24T13:51:00Z,46.17117,-124.451,35025,Chinook salmon,yearling,162,161,36.2,Some to taxa,OSTEICHTHYES,BONY FISHES,Material,0,0.251,Some to taxa,Fish,Snake_Sp,0.9913,NA,NA,28.05,RapidRiver,0.982187
NA,NA,130,052415MC4,2015-05-24T13:51:00Z,46.17117,-124.451,35028,Chinook salmon,yearling,143,142,25.7,Totally digested,EMPTY STOMACH,EMPTY STOMACH,No Food,0,0,Totally digested,Empty Stomach,Snake_Sp,1,NA,NA,67.30904,RapidRiver,0.999526
NA,NA,130,052415MC4,2015-05-24T13:51:00Z,46.17117,-124.451,35029,Chinook salmon,yearling,155,153,29.7,Some to taxa,OSTEICHTHYES,BONY FISHES,Material,0,0.049,Some to taxa,Fish,Snake_Sp,0.9999,NA,NA,43.5709,RapidRiver,0.995085
NA,NA,130,052415MC4,2015-05-24T13:51:00Z,46.17117,-124.451,35030,Chinook salmon,yearling,136,139,23.9,Totally digested,EMPTY STOMACH,EMPTY STOMACH,No Food,NA,0,Totally digested,Empty Stomach,Snake_Sp,0.6927,Mid&UCR_Sp,0.3073,57.12427,Lookingglass,0.996744
NA,NA,130,052415MC4,2015-05-24T13:51:00Z,46.17117,-124.451,35031,Chinook salmon,yearling,136,135,23.1,Totally digested,EMPTY STOMACH,EMPTY STOMACH,No Food,NA,0,Totally digested,Empty Stomach,Snake_Sp,0.9986,NA,NA,50.20462,Sawtooth,0.996929
NA,NA,130,052415MC4,2015-05-24T13:51:00Z,46.17117,-124.451,35032,Chinook salmon,yearling,147,144,25.6,Totally digested,EMPTY STOMACH,EMPTY STOMACH,No Food,NA,0,Totally digested,Empty Stomach,Snake_Sp,0.999,NA,NA,41.26006,RapidRiver,0.998747
NA,NA,130,052415MC5,2015-05-24T16:17:00Z,46.169,-124.442,35076,Chinook salmon,yearling,173,167,50.7,Most to genus or taxa,PLEURONECTIDAE,RIGHTEYED FLATFISH,Juvenile,11,1.255,Most to genus or taxa,Fish,Snake_F,0.8754,UCR_Su/F,0.1246,52.94368,NA,NA
NA,NA,130,052415MC5,2015-05-24T16:17:00Z,46.169,-124.442,35077,Chinook salmon,yearling,145,141,26.6,Totally digested,EMPTY STOMACH,EMPTY STOMACH,No Food,NA,0,Totally digested,Empty Stomach,Snake_Sp,0.9098,Mid&UCR_Sp,0.0902,39.38496,McCall,0.999013
NA,NA,130,052415MC5,2015-05-24T16:17:00Z,46.169,-124.442,35082,Chinook salmon,yearling,150,145,27.4,Most to taxa,OSTEICHTHYES,BONY FISHES,Juvenile,6,0.312,Most to taxa,Fish,Snake_Sp,1,NA,NA,17.12608,RapidRiver,0.987106
NA,NA,134,052415MC6,2015-05-24T17:56:00Z,46.16567,-124.4837,35089,Chinook salmon,yearling,155,149,32.2,Most to genus or taxa,SEBASTES,ROCKFISH,Juvenile,1,0.64,Most to genus or taxa,Fish,Snake_Sp,0.982,Mid&UCR_Sp,0.018,44.01969,Sawtooth,0.999703
NA,NA,101,052515MC7,2015-05-25T07:31:00Z,46.33983,-124.3605,35092,Chinook salmon,yearling,192,186,78,Most to genus or taxa,SEBASTES,ROCKFISH,Juvenile,2,1.29,Most to genus or taxa,Fish,Snake_F,0.9792,UCR_Su/F,0.0208,81.841310000000000,NA,NA
NA,NA,103,052515MC8,2015-05-25T09:05:00Z,46.32717,-124.3545,35104,Chinook salmon,yearling,157,149,34.5,Most to taxa,OSTEICHTHYES,BONY FISHES,Juvenile,0,0.262,Most to taxa,Fish,Snake_Sp,1,NA,NA,60.22446,RapidRiver,0.986826
NA,NA,106,052515MC9,2015-05-25T10:28:00Z,46.34917,-124.3903,35111,Chinook salmon,yearling,137,130,23.5,Mostly to spp or genus,SEBASTES,ROCKFISH,Juvenile,1,0.732,Mostly to spp or genus,Fish,Mid&UCR_Sp,0.5097,Snake_Sp,0.4903,27.08215,NA,NA
NA,NA,106,052515MC9,2015-05-25T10:28:00Z,46.34917,-124.3903,35117,Chinook salmon,yearling,147,142,29.3,Most to genus or taxa,SEBASTES,ROCKFISH,Juvenile,2,0.558,Most to genus or taxa,Fish,Mid&UCR_Sp,0.924,Snake_Sp,0.076,61.22256,NA,NA
NA,NA,100,052515MC10,2015-05-25T11:58:00Z,46.3315,-124.3562,35130,Chinook salmon,yearling,151,150,28.4,Mostly to spp or genus,SEBASTES,ROCKFISH,Juvenile,3,1.34,Mostly to spp or genus,Fish,Snake_Sp,0.9716,Mid&UCR_Sp,0.0284,29.12988,NA,NA
NA,NA,100,052515MC10,2015-05-25T11:58:00Z,46.3315,-124.3562,35132,Chinook salmon,yearling,148,143,24.4,Some to taxa,OSTEICHTHYES,BONY FISHES,Material,0,0.062,Some to taxa,Fish,Snake_Sp,0.996,NA,NA,31.65,McCall,0.999506
NA,NA,100,052515MC10,2015-05-25T11:58:00Z,46.3315,-124.3562,35136,Chinook salmon,yearling,145,143,28.6,Most to genus or taxa,SEBASTES,ROCKFISH,Juvenile,1,0.266,Most to genus or taxa,Fish,Snake_F,0.706,UCR_Su/F,0.294,43.5044,NA,NA
NA,NA,100,052515MC10,2015-05-25T11:58:00Z,46.3315,-124.3562,35139,Chinook salmon,yearling,155,151,30.8,Some to taxa,OSTEICHTHYES,BONY FISHES,Material,0,0.058,Some to taxa,Fish,Snake_Sp,1,NA,NA,56.6359,RapidRiver,0.988518
NA,NA,100,052515MC10,2015-05-25T11:58:00Z,46.3315,-124.3562,35140,Chinook salmon,yearling,142,142,23.1,Most to taxa,CANCER MAGISTER,DUNGENESS CRAB,Megalopa,1,0.041,Most to taxa,Crab,Snake_Sp,0.998352,NA,NA,20.24624,Dworshak,0.998352
NA,NA,118,052515MC11,2015-05-25T13:46:00Z,46.28783,-124.3337,35151,Chinook salmon,yearling,154,150,30.6,Totally digested,CRUSTACEA,CRUSTACEA,Material,0,0.014,Totally digested,Plankton/Crustaceans,Snake_Sp,0.9951,NA,NA,47.31142,McCall,0.999499
NA,NA,118,052515MC11,2015-05-25T13:46:00Z,46.28783,-124.3337,35152,Chinook salmon,yearling,148,148,30.6,Totally digested,EMPTY STOMACH,EMPTY STOMACH,No Food,NA,0,Totally digested,Empty Stomach,Snake_Sp,0.9557,Mid&UCR_Sp,0.0443,60.4836,Lookingglass,0.990435
NA,NA,118,052515MC11,2015-05-25T13:46:00Z,46.28783,-124.3337,35156,Chinook salmon,yearling,148,145,27.2,Totally digested,CRUSTACEA,CRUSTACEA,Material,0,0.006,Totally digested,Plankton/Crustaceans,Snake_Sp,0.9825,Mid&UCR_Sp,0.0175,53.8917,McCall,0.999002
NA,NA,118,052515MC11,2015-05-25T13:46:00Z,46.28783,-124.3337,35164,Chinook salmon,yearling,146,143,25.9,Most to genus or taxa,CANCER MAGISTER,DUNGENESS CRAB,Megalopa,1,0.04,Most to genus or taxa,Crab,Mid&UCR_Sp,0.7656,Snake_Sp,0.2344,20.30555,NA,NA
NA,NA,118,052515MC11,2015-05-25T13:46:00Z,46.28783,-124.3337,35166,Chinook salmon,yearling,150,159,27.7,Some to taxa,CRUSTACEA,CRUSTACEA,Material,0,0.066,Some to taxa,Plankton/Crustaceans,Snake_Sp,0.9996,NA,NA,19.86,RapidRiver,0.999754
NA,NA,118,052515MC11,2015-05-25T13:46:00Z,46.28783,-124.3337,35171,Chinook salmon,yearling,142,139,25.5,Some to taxa,PORCELLANIDAE,PORCELLANIDAE,Megalopa,1,1E-05,Some to taxa,Crab,Snake_Sp,0.6188,Mid&UCR_Sp,0.3812,42.92621,McCall,0.995478
NA,NA,118,052515MC11,2015-05-25T13:46:00Z,46.28783,-124.3337,35171,Chinook salmon,yearling,142,139,25.5,Some to taxa,CANCER OREGONENSIS/PRODUCTUS,CANCER OREG/PROD,Megalopa,1,0.006,Some to taxa,Crab,Snake_Sp,0.6188,Mid&UCR_Sp,0.3812,42.92621,McCall,0.995478
NA,NA,118,052515MC11,2015-05-25T13:46:00Z,46.28783,-124.3337,35172,Chinook salmon,yearling,148,147,28.5,Most to genus or taxa,SEBASTES,ROCKFISH,Juvenile,2,0.505,Most to genus or taxa,Fish,Snake_Sp,0.9906,NA,NA,46.90392,Lookingglass,0.999112
NA,NA,118,052515MC11,2015-05-25T13:46:00Z,46.28783,-124.3337,35173,Chinook salmon,yearling,135,135,23.1,Totally digested,EMPTY STOMACH,EMPTY STOMACH,No Food,NA,0,Totally digested,Empty Stomach,Mid&UCR_Sp,0.9942,NA,NA,23.31425,NA,NA
NA,NA,118,052515MC11,2015-05-25T13:46:00Z,46.28783,-124.3337,35175,Chinook salmon,yearling,140,136,21.7,Totally digested,EMPTY STOMACH,EMPTY STOMACH,No Food,NA,0,Totally digested,Empty Stomach,Snake_Sp,1,NA,NA,8.494018,Sawtooth,0.997459
NA,NA,118,052515MC11,2015-05-25T13:46:00Z,46.28783,-124.3337,35177,Chinook salmon,yearling,140,139,24.9,Most to taxa,CANCER MAGISTER,DUNGENESS CRAB,Megalopa,7,0.151,Most to taxa,Crab,Snake_Sp,0.98740000000000000,Mid&UCR_Sp,0.0126,42.768,McCall,0.995027
Willapa Bay,5,32,062515WB05B,2015-06-25T14:14:00Z,46.678,-124.1913,36318,Chinook salmon,yearling,159,155,41.8,Most to taxa,CANCER OREGONENSIS/PRODUCTUS,CANCER OREG/PROD,Megalopa,3,0.025,Most to taxa,Crab,Snake_F,0.5958,UCR_Su/F,0.4042,NA,NA,NA
Willapa Bay,5,32,062515WB05B,2015-06-25T14:14:00Z,46.678,-124.1913,36318,Chinook salmon,yearling,159,155,41.8,Most to taxa,OSTEICHTHYES,BONY FISHES,Juvenile,1,0.1,Most to taxa,Fish,Snake_F,0.5958,UCR_Su/F,0.4042,NA,NA,NA
Willapa Bay,5,32,062515WB05B,2015-06-25T14:14:00Z,46.678,-124.1913,36318,Chinook salmon,yearling,159,155,41.8,Most to taxa,PINNOTHERIDAE,PEA CRABS,Megalopa,7,0.021,Most to taxa,Crab,Snake_F,0.5958,UCR_Su/F,0.4042,NA,NA,NA
Willapa Bay,5,32,062515WB05B,2015-06-25T14:14:00Z,46.678,-124.1913,36319,Chinook salmon,yearling,260,251,205.5,Most to taxa,PINNOTHERIDAE,PEA CRABS,Megalopa,2,0.031,Most to taxa,Crab,WR_Sp,0.8959,WC_Sp,0.1041,NA,NA,NA
Willapa Bay,5,32,062515WB05B,2015-06-25T14:14:00Z,46.678,-124.1913,36319,Chinook salmon,yearling,260,251,205.5,Most to taxa,OSTEICHTHYES,BONY FISHES,Juvenile,1,0.14,Most to taxa,Fish,WR_Sp,0.8959,WC_Sp,0.1041,NA,NA,NA
Willapa Bay,5,32,062515WB05B,2015-06-25T14:14:00Z,46.678,-124.1913,36320,Chinook salmon,yearling,180,177,67,Most to genus or taxa,ATYLUS TRIDENS,ATYLUS TRIDENS,Adult,6,0.084,Most to genus or taxa,Plankton/Crustaceans,UCR_Su/F,0.9974,NA,0,NA,NA,NA
Willapa Bay,5,32,062515WB05B,2015-06-25T14:14:00Z,46.678,-124.1913,36320,Chinook salmon,yearling,180,177,67,Most to genus or taxa,CANCER OREGONENSIS/PRODUCTUS,CANCER OREG/PROD,Megalopa,1,0.004,Most to genus or taxa,Crab,UCR_Su/F,0.9974,NA,0,NA,NA,NA
Columbia River,4,25,062615CR04,2015-06-26T07:58:00Z,46.18083,-124.0867,36375,Chinook salmon,yearling,142,139,34.2,Most to taxa,ATYLUS TRIDENS,ATYLUS TRIDENS,Adult,1,0.009,Most to taxa,Plankton/Crustaceans,NCA_SOR,0.5493,N/Mid_OR_Cst,0.4448,NA,NA,NA
Columbia River,4,25,062615CR04,2015-06-26T07:58:00Z,46.18083,-124.0867,36375,Chinook salmon,yearling,142,139,34.2,Most to taxa,POLYCHAETA,POLYCHAETA,Juvenile,1,0.01,Most to taxa,Insect,NCA_SOR,0.5493,N/Mid_OR_Cst,0.4448,NA,NA,NA
Columbia River,4,25,062615CR04,2015-06-26T07:58:00Z,46.18083,-124.0867,36376,Chinook salmon,yearling,141,135,30.3,Some to taxa,EUPHAUSIIDAE,EUPHAUSIIDAE,Adult,1,0.014,Some to taxa,Plankton/Crustaceans,N/Mid_OR_Cst,0.9976,NA,NA,NA,NA,NA
Columbia River,4,25,062615CR04,2015-06-26T07:58:00Z,46.18083,-124.0867,36376,Chinook salmon,yearling,141,135,30.3,Some to taxa,OSTEICHTHYES,BONY FISHES,Juvenile,1,0.037,Some to taxa,Fish,N/Mid_OR_Cst,0.9976,NA,NA,NA,NA,NA
Columbia River,4,25,062615CR04,2015-06-26T07:58:00Z,46.18083,-124.0867,36377,Chinook salmon,yearling,215,210,125.7,Totally digested,EMPTY STOMACH,EMPTY STOMACH,No Food,NA,NA,Totally digested,Empty Stomach,WC_Sp,1,NA,0,NA,NA,NA
Columbia River,4,25,062615CR04,2015-06-26T07:58:00Z,46.18083,-124.0867,36378,Chinook salmon,yearling,258,251,206.1,Totally digested,EMPTY STOMACH,EMPTY STOMACH,No Food,NA,0,Totally digested,Empty Stomach,WR_Sp,0.8949,WC_Sp,0.1051,NA,NA,NA
Columbia River,4,25,062615CR04,2015-06-26T07:58:00Z,46.18083,-124.0867,36379,Chinook salmon,yearling,264,252,236,Some to taxa,UNIDENTIFIED,UNIDENTIFIED MATERIAL,Material,0,0.03,Some to taxa,Inorganic Material,WC_Sp,1,NA,0,NA,NA,NA
Columbia River,7,52,062615CR07,2015-06-26T10:06:00Z,46.1755,-124.1668,36443,Chinook salmon,yearling,238,224,151.1,Some to taxa,OSTEICHTHYES,BONY FISHES,Material,1,0.049,Some to taxa,Fish,Snake_Sp,0.999165,NA,0.4751,NA,Clearwater,0.999165
Columbia River,7,52,062615CR07,2015-06-26T10:06:00Z,46.1755,-124.1668,36444,Chinook salmon,yearling,249,238,202,Most to genus or taxa,ENGRAULIS MORDAX,NORTHERN ANCHOVY,Juvenile,1,0.769,Most to genus or taxa,Fish,WC_Sp,0.9999,NA,0,NA,NA,NA
Columbia River,7,52,062615CR07,2015-06-26T10:06:00Z,46.1755,-124.1668,36445,Chinook salmon,yearling,280,272,278.9,Most to taxa,ENGRAULIS MORDAX,NORTHERN ANCHOVY,Juvenile,1,0.354,Most to taxa,Fish,WC_Sp,0.9997,NA,0,NA,NA,NA
Columbia River,7,52,062615CR07,2015-06-26T10:06:00Z,46.1755,-124.1668,36446,Chinook salmon,yearling,247,240,197.3,Most to genus or taxa,ENGRAULIS MORDAX,NORTHERN ANCHOVY,Juvenile,2,4.323,Most to genus or taxa,Fish,WC_Sp,0.9999,NA,0,NA,NA,NA
Columbia River,10,73,062615CR10,2015-06-26T12:28:00Z,46.17967,-124.2252,36531,Chinook salmon,yearling,230,220,154.8,Most to taxa,EUPHAUSIIDAE,EUPHAUSIIDAE,Adult,1,0.014,Most to taxa,Plankton/Crustaceans,Snake_Sp,0.9981,NA,NA,NA,NA,NA
Columbia River,10,73,062615CR10,2015-06-26T12:28:00Z,46.17967,-124.2252,36531,Chinook salmon,yearling,230,220,154.8,Most to taxa,OSTEICHTHYES,BONY FISHES,Juvenile,1,0.038,Most to taxa,Fish,Snake_Sp,0.9981,NA,NA,NA,NA,NA
Columbia River,10,73,062615CR10,2015-06-26T12:28:00Z,46.17967,-124.2252,36532,Chinook salmon,yearling,270,260,266.1,Mostly to spp or genus,ENGRAULIS MORDAX,NORTHERN ANCHOVY,Juvenile,5,10.848,Mostly to spp or genus,Fish,WC_Sp,0.9764,WC_F,0.0236,NA,NA,NA
Columbia River,10,73,062615CR10,2015-06-26T12:28:00Z,46.17967,-124.2252,36533,Chinook salmon,yearling,266,259,232.1,Totally digested,EMPTY STOMACH,EMPTY STOMACH,No Food,NA,0,Totally digested,Empty Stomach,WC_Sp,1,NA,0,NA,NA,NA
Columbia River,10,73,062615CR10,2015-06-26T12:28:00Z,46.17967,-124.2252,36534,Chinook salmon,yearling,248,242,181.9,Most to taxa,ATYLUS TRIDENS,ATYLUS TRIDENS,Adult,11,0.098,Most to taxa,Plankton/Crustaceans,WC_Sp,0.995,NA,0,NA,NA,NA
Columbia River,15,112,062615CR15,2015-06-26T15:23:00Z,46.175,-124.3403,36556,Chinook salmon,yearling,236,226,154.7,Most to genus or taxa,ATYLUS TRIDENS,ATYLUS TRIDENS,Adult,164,1.918,Most to genus or taxa,Plankton/Crustaceans,WR_Sp,1,NA,0,NA,NA,NA
Columbia River,15,112,062615CR15,2015-06-26T15:23:00Z,46.175,-124.3403,36556,Chinook salmon,yearling,236,226,154.7,Most to genus or taxa,PHRONIMA SEDENTARIA,PHRONIMA SEDENTARIA,Adult,1,0.048,Most to genus or taxa,Plankton/Crustaceans,WR_Sp,1,NA,0,NA,NA,NA
Columbia River,15,112,062615CR15,2015-06-26T15:23:00Z,46.175,-124.3403,36556,Chinook salmon,yearling,236,226,154.7,Most to genus or taxa,PSETTICHTHYS MELANOSTICTUS,SAND SOLE,Juvenile,4,0.374,Most to genus or taxa,Fish,WR_Sp,1,NA,0,NA,NA,NA
Cape Meares,3,56,062715CM03,2015-06-27T09:48:00Z,45.4985,-124.0398,36584,Chinook salmon,yearling,240,229,199.9,Most to genus or taxa,ALLOSMERUS ELONGATUS,WHITEBAIT SMELT,Juvenile,1,4.0633,Most to genus or taxa,Fish,Mid&UCR_Sp,1,NA,0,NA,NA,NA
NA,NA,126,052615MC19,2015-05-26T15:07:00Z,46.25583,-124.3223,35409,Chinook salmon,yearling,126,123,15.1,Totally digested,EMPTY STOMACH,EMPTY STOMACH,No Food,NA,0,Totally digested,Empty Stomach,Snake_Sp,0.9955,NA,NA,9.946559,Sawtooth,0.956751
NA,NA,126,052615MC19,2015-05-26T15:07:00Z,46.25583,-124.3223,35412,Chinook salmon,yearling,192,188,87.2,Most to genus or taxa,CANCER MAGISTER,DUNGENESS CRAB,Megalopa,3,0.103,Most to genus or taxa,Crab,Snake_Sp,0.9979,NA,NA,46.60081,RapidRiver,0.994924
NA,NA,126,052615MC19,2015-05-26T15:07:00Z,46.25583,-124.3223,35414,Chinook salmon,yearling,147,141,25.8,Some to taxa,CRUSTACEA,CRUSTACEA,Material,0,0.014,Some to taxa,Plankton/Crustaceans,Snake_Sp,0.6689,Mid&UCR_Sp,0.3311,39.57,McCall,0.997378
NA,NA,126,052615MC19,2015-05-26T15:07:00Z,46.25583,-124.3223,35414,Chinook salmon,yearling,147,141,25.8,Some to taxa,INSECTA,INSECT,Material,0,0.009,Some to taxa,Insect,Snake_Sp,0.6689,Mid&UCR_Sp,0.3311,39.57,McCall,0.997378
NA,NA,126,052615MC19,2015-05-26T15:07:00Z,46.25583,-124.3223,35422,Chinook salmon,yearling,147,143,28.8,Totally digested,EMPTY STOMACH,EMPTY STOMACH,No Food,0,0,Totally digested,Empty Stomach,Mid&UCR_Sp,0.9992,NA,NA,53.97115,NA,NA
NA,NA,126,052615MC19,2015-05-26T15:07:00Z,46.25583,-124.3223,35423,Chinook salmon,yearling,158,153,28.9,Totally digested,EMPTY STOMACH,EMPTY STOMACH,No Food,NA,0,Totally digested,Empty Stomach,Snake_Sp,0.9743,Mid&UCR_Sp,0.0257,42.79766,RapidRiver,0.973649
NA,NA,126,052615MC19,2015-05-26T15:07:00Z,46.25583,-124.3223,35425,Chinook salmon,yearling,130,128,22.2,Most to taxa,OSTEICHTHYES,BONY FISHES,Juvenile,1,0.298,Most to taxa,Fish,Snake_Sp,0.9062,Mid&UCR_Sp,0.0938,51.49006,Dworshak,0.999859
NA,NA,126,052615MC19,2015-05-26T15:07:00Z,46.25583,-124.3223,35425,Chinook salmon,yearling,130,128,22.2,Most to taxa,PAGURIDAE,PAGURIDAE,Megalopa,2,0.006,Most to taxa,Crab,Snake_Sp,0.9062,Mid&UCR_Sp,0.0938,51.49006,Dworshak,0.999859
NA,NA,126,052615MC19,2015-05-26T15:07:00Z,46.25583,-124.3223,35426,Chinook salmon,yearling,143,140,23.9,Most to taxa,CANCER MAGISTER,DUNGENESS CRAB,Megalopa,2,0.08,Most to taxa,Crab,Mid&UCR_Sp,0.9053,Snake_Sp,0.0947,22.0616,NA,NA
NA,NA,126,052615MC19,2015-05-26T15:07:00Z,46.25583,-124.3223,35427,Chinook salmon,yearling,167,167,41,Most to taxa,CANCER OREGONENSIS/PRODUCTUS,CANCER OREG/PROD,Megalopa,2,0.045,Most to taxa,Crab,Snake_F,0.8828,UCR_Su/F,0.1172,17.34,NA,NA
NA,NA,126,052615MC19,2015-05-26T15:07:00Z,46.25583,-124.3223,35430,Chinook salmon,yearling,137,135,23.9,Totally digested,EMPTY STOMACH,EMPTY STOMACH,No Food,NA,0,Totally digested,Empty Stomach,Snake_Sp,0.9868,Mid&UCR_Sp,0.0132,40.87483,Sawtooth,0.995764
NA,NA,126,052615MC19,2015-05-26T15:07:00Z,46.25583,-124.3223,35435,Chinook salmon,yearling,141,136,21.5,Some to taxa,INSECTA,INSECT,Material,0,0.001,Some to taxa,Insect,Snake_Sp,0.997,NA,NA,19.12995,McCall,0.999087
NA,NA,126,052615MC19,2015-05-26T15:07:00Z,46.25583,-124.3223,35435,Chinook salmon,yearling,141,136,21.5,Some to taxa,CANCER,CANCER,Material,0,0.051,Some to taxa,Crab,Snake_Sp,0.997,NA,NA,19.12995,McCall,0.999087
NA,NA,150,052615MC20,2015-05-26T16:58:00Z,46.31183,-124.3808,35447,Chinook salmon,yearling,145,139,24.9,Most to genus or taxa,SEBASTES,ROCKFISH,Juvenile,1,0.402,Most to genus or taxa,Fish,Snake_Sp,0.9477,Mid&UCR_Sp,0.0523,9.314661,Lookingglass,0.997472
NA,NA,150,052615MC20,2015-05-26T16:58:00Z,46.31183,-124.3808,35448,Chinook salmon,yearling,145,141,21.7,Some to taxa,CANCER OREGONENSIS/PRODUCTUS,CANCER OREG/PROD,Megalopa,1,0.007,Some to taxa,Crab,Snake_Sp,1,NA,NA,7.69428,RapidRiver,0.999672
NA,NA,150,052615MC20,2015-05-26T16:58:00Z,46.31183,-124.3808,35448,Chinook salmon,yearling,145,141,21.7,Some to taxa,OSTEICHTHYES,BONY FISHES,Material,0,0.013,Some to taxa,Fish,Snake_Sp,1,NA,NA,7.69428,RapidRiver,0.999672
NA,NA,150,052615MC20,2015-05-26T16:58:00Z,46.31183,-124.3808,35449,Chinook salmon,yearling,130,128,18.8,Most to taxa,OSTEICHTHYES,BONY FISHES,Juvenile,1,0.374,Most to taxa,Fish,Snake_Sp,0.997929,NA,NA,21.7846,Dworshak,0.997929
NA,NA,150,052615MC20,2015-05-26T16:58:00Z,46.31183,-124.3808,35450,Chinook salmon,yearling,142,138,21.9,Most to taxa,PLEURONECTIDAE,RIGHTEYED FLATFISH,Juvenile,1,0.275,Most to taxa,Fish,Snake_Sp,0.9994,NA,NA,18.43645,Lookingglass,0.998411
NA,NA,150,052615MC20,2015-05-26T16:58:00Z,46.31183,-124.3808,35455,Chinook salmon,yearling,145,142,28.8,Most to genus or taxa,COPEPODA,COPEPODA,Adult,4,0.001,Most to genus or taxa,Plankton/Crustaceans,Snake_Sp,0.9943,NA,NA,28.60406,McCall,0.995761
NA,NA,150,052615MC20,2015-05-26T16:58:00Z,46.31183,-124.3808,35456,Chinook salmon,yearling,140,143,27.8,Some to taxa,OSTEICHTHYES,BONY FISHES,Material,1,0.239,Some to taxa,Fish,Snake_Sp,0.8891,Mid&UCR_Sp,0.1109,16.3216,McCall,0.998295
NA,NA,150,052615MC20,2015-05-26T16:58:00Z,46.31183,-124.3808,35458,Chinook salmon,yearling,136,133,20.7,Most to taxa,PLANTAE,PLANT,Material,0,0.003,Most to taxa,Plant,Snake_Sp,0.998289,NA,NA,20.10628,Sawtooth,0.998289
NA,NA,150,052615MC20,2015-05-26T16:58:00Z,46.31183,-124.3808,35459,Chinook salmon,yearling,152,149,28.9,Most to genus or taxa,PINNOTHERIDAE,PEA CRABS,Megalopa,1,0.001,Most to genus or taxa,Crab,Snake_Sp,0.999,NA,NA,16.9502,McCall,0.999473
NA,NA,150,052615MC20,2015-05-26T16:58:00Z,46.31183,-124.3808,35459,Chinook salmon,yearling,152,149,28.9,Most to genus or taxa,ISOPODA,ISOPODA,Juvenile,2,0.009,Most to genus or taxa,Plankton/Crustaceans,Snake_Sp,0.999,NA,NA,16.9502,McCall,0.999473
NA,NA,150,052615MC20,2015-05-26T16:58:00Z,46.31183,-124.3808,35462,Chinook salmon,yearling,146,144,28.5,Mostly to spp or genus,SEBASTES,ROCKFISH,Juvenile,1,0.703,Mostly to spp or genus,Fish,Snake_Sp,0.7482,Mid&UCR_Sp,0.2518,43.14664,McCall,0.999738
NA,NA,150,052615MC20,2015-05-26T16:58:00Z,46.31183,-124.3808,35463,Chinook salmon,yearling,136,135,22.7,Some to taxa,CRUSTACEA,CRUSTACEA,Material,0,0.043,Some to taxa,Plankton/Crustaceans,Snake_F,0.8566,UCR_Su/F,0.1434,17.115,NA,NA
NA,NA,150,052615MC20,2015-05-26T16:58:00Z,46.31183,-124.3808,35464,Chinook salmon,yearling,150,146,28.7,Most to genus or taxa,SEBASTES,ROCKFISH,Juvenile,1,0.574,Most to genus or taxa,Fish,Snake_Sp,0.9997,NA,NA,29.45,RapidRiver,0.990405
NA,NA,150,052615MC20,2015-05-26T16:58:00Z,46.31183,-124.3808,35466,Chinook salmon,yearling,148,146,29.9,Most to taxa,SEBASTES,ROCKFISH,Juvenile,1,0.455,Most to taxa,Fish,Snake_Sp,0.9976,NA,NA,46.58495,RapidRiver,0.999519
NA,NA,150,052615MC20,2015-05-26T16:58:00Z,46.31183,-124.3808,35467,Chinook salmon,yearling,149,143,29.1,Most to taxa,OSTEICHTHYES,BONY FISHES,Juvenile,2,0.344,Most to taxa,Fish,Mid&UCR_Sp,0.9559,Snake_Sp,0.0441,21.345,NA,NA
NA,NA,150,052615MC20,2015-05-26T16:58:00Z,46.31183,-124.3808,35468,Chinook salmon,yearling,141,136,25.9,Most to taxa,SEBASTES,ROCKFISH,Juvenile,1,0.397,Most to taxa,Fish,Snake_Sp,0.5302,Mid&UCR_Sp,0.4698,48.11574,NA,NA
NA,NA,150,052615MC20,2015-05-26T16:58:00Z,46.31183,-124.3808,35469,Chinook salmon,yearling,142,140,27.7,Mostly to spp or genus,PAGURIDAE,PAGURIDAE,Megalopa,1,0.001,Mostly to spp or genus,Crab,Snake_Sp,0.9998,NA,NA,15.60266,RapidRiver,0.997416
NA,NA,150,052615MC20,2015-05-26T16:58:00Z,46.31183,-124.3808,35469,Chinook salmon,yearling,142,140,27.7,Mostly to spp or genus,CANCER OREGONENSIS/PRODUCTUS,CANCER OREG/PROD,Megalopa,19,0.199,Mostly to spp or genus,Crab,Snake_Sp,0.9998,NA,NA,15.60266,RapidRiver,0.997416
NA,NA,150,052615MC20,2015-05-26T16:58:00Z,46.31183,-124.3808,35475,Chinook salmon,yearling,138,136,29.1,Mostly to spp or genus,SEBASTES,ROCKFISH,Juvenile,1,0.666,Mostly to spp or genus,Fish,Snake_Sp,0.9672,Mid&UCR_Sp,0.0328,49.14505,Dworshak,0.999181
NA,NA,150,052615MC20,2015-05-26T16:58:00Z,46.31183,-124.3808,35476,Chinook salmon,yearling,158,151,31.7,Most to taxa,SEBASTES,ROCKFISH,Juvenile,1,0.266,Most to taxa,Fish,Mid&UCR_Sp,0.6817,Snake_Sp,0.3183,42.9066,NA,NA
NA,NA,150,052615MC20,2015-05-26T16:58:00Z,46.31183,-124.3808,35477,Chinook salmon,yearling,148,145,25.7,Mostly to spp or genus,SEBASTES,ROCKFISH,Juvenile,1,1.173,Mostly to spp or genus,Fish,Snake_Sp,0.9134,Mid&UCR_Sp,0.0866,41.8244,Lookingglass,0.999781
NA,NA,150,052615MC20,2015-05-26T16:58:00Z,46.31183,-124.3808,35478,Chinook salmon,yearling,149,143,27.9,Most to genus or taxa,CANCER OREGONENSIS/PRODUCTUS,CANCER OREG/PROD,Megalopa,24,0.179,Most to genus or taxa,Crab,Snake_Sp,0.8126,Mid&UCR_Sp,0.1874,24.3093,Sawtooth,0.998025
NA,NA,150,052615MC20,2015-05-26T16:58:00Z,46.31183,-124.3808,35480,Chinook salmon,yearling,152,151,32.6,Most to taxa,SEBASTES,ROCKFISH,Juvenile,2,0.18,Most to taxa,Fish,Snake_Sp,0.9983,NA,NA,39.395,McCall,0.98808
NA,NA,150,052615MC20,2015-05-26T16:58:00Z,46.31183,-124.3808,35486,Chinook salmon,yearling,168,163,54.3,Most to genus or taxa,PLEURONECTIDAE,RIGHTEYED FLATFISH,Juvenile,4,0.488,Most to genus or taxa,Fish,Snake_Sp,0.9997,NA,NA,56.25515,RapidRiver,0.997754
NA,NA,129,052715MC21,2015-05-27T07:28:00Z,46.161,-124.44,35566,Chinook salmon,yearling,172,167,65.2,Totally digested,EMPTY STOMACH,EMPTY STOMACH,No Food,NA,0,Totally digested,Empty Stomach,Snake_F,0.8682,UCR_Su/F,0.1318,70.7719,NA,NA
NA,NA,131,052715MC22,2015-05-27T09:04:00Z,46.16933,-124.44970000000000,35587,Chinook salmon,yearling,200,193,88.7,Most to taxa,OSTEICHTHYES,BONY FISHES,Juvenile,0,0.373,Most to taxa,Fish,Snake_F,0.9994,NA,NA,62.9271,NA,NA
NA,NA,131,052715MC22,2015-05-27T09:04:00Z,46.16933,-124.44970000000000,35587,Chinook salmon,yearling,200,193,88.7,Most to taxa,SEBASTES,ROCKFISH,Juvenile,1,0.505,Most to taxa,Fish,Snake_F,0.9994,NA,NA,62.9271,NA,NA
NA,NA,131,052715MC22,2015-05-27T09:04:00Z,46.16933,-124.44970000000000,35589,Chinook salmon,yearling,190,185,84.7,Mostly to spp or genus,SEBASTES,ROCKFISH,Juvenile,1,0.759,Mostly to spp or genus,Fish,Snake_F,0.7754,UCR_Su/F,0.2246,76.1206,NA,NA
NA,NA,131,052715MC22,2015-05-27T09:04:00Z,46.16933,-124.44970000000000,35591,Chinook salmon,yearling,118,114,13.8,Most to taxa,CANCER,CANCER,Zoea,1,0.001,Most to taxa,Crab,Snake_Sp,0.9285,Mid&UCR_Sp,0.0715,40.77465,Dworshak,0.997908
NA,NA,131,052715MC22,2015-05-27T09:04:00Z,46.16933,-124.44970000000000,35591,Chinook salmon,yearling,118,114,13.8,Most to taxa,ENGRAULIS MORDAX,NORTHERN ANCHOVY,Larva,1,0.074,Most to taxa,Fish,Snake_Sp,0.9285,Mid&UCR_Sp,0.0715,40.77465,Dworshak,0.997908
NA,NA,131,052715MC22,2015-05-27T09:04:00Z,46.16933,-124.44970000000000,35593,Chinook salmon,yearling,146,142,28.3,Totally digested,EMPTY STOMACH,EMPTY STOMACH,No Food,NA,0,Totally digested,Empty Stomach,Mid&UCR_Sp,0.7224,Snake_Sp,0.2776,23.22143,NA,NA
NA,NA,131,052715MC22,2015-05-27T09:04:00Z,46.16933,-124.44970000000000,35596,Chinook salmon,yearling,142,138,25.3,Most to taxa,CANCER OREGONENSIS/PRODUCTUS,CANCER OREG/PROD,Megalopa,4,0.041,Most to taxa,Crab,Snake_Sp,0.999,NA,NA,39.974850000000000,RapidRiver,0.99771
NA,NA,131,052715MC22,2015-05-27T09:04:00Z,46.16933,-124.44970000000000,35598,Chinook salmon,yearling,166,161,46.5,Most to genus or taxa,PLEURONECTIDAE,RIGHTEYED FLATFISH,Juvenile,3,0.385,Most to genus or taxa,Fish,Snake_Sp,0.9977,NA,NA,58.8127,RapidRiver,0.999468
NA,NA,131,052715MC22,2015-05-27T09:04:00Z,46.16933,-124.44970000000000,35603,Chinook salmon,yearling,170,166,53.8,Mostly to spp or genus,SEBASTES,ROCKFISH,Juvenile,1,0.841,Mostly to spp or genus,Fish,Snake_F,0.9649,UCR_Su/F,0.0351,82.20457,NA,NA
NA,NA,131,052715MC22,2015-05-27T09:04:00Z,46.16933,-124.44970000000000,35604,Chinook salmon,yearling,205,199,105.8,Totally digested,UNIDENTIFIED,UNIDENTIFIED MATERIAL,Material,0,0.11,Totally digested,Inorganic Material,Snake_Sp,0.5528,Mid&UCR_Sp,0.4472,NA,McCall,0.999825
NA,NA,134,052715MC23,2015-05-27T10:35:00Z,46.19683,-124.4787,35614,Chinook salmon,yearling,138,134,22.6,Most to genus or taxa,PLEURONECTIDAE,RIGHTEYED FLATFISH,Juvenile,2,0.138,Most to genus or taxa,Fish,Snake_Sp,0.8408,Mid&UCR_Sp,0.1592,24.51153,Lookingglass,0.998726
NA,NA,134,052715MC23,2015-05-27T10:35:00Z,46.19683,-124.4787,35617,Chinook salmon,yearling,165,160,47.6,Most to genus or taxa,PLEURONECTIDAE,RIGHTEYED FLATFISH,Juvenile,1,0.555,Most to genus or taxa,Fish,Snake_Sp,0.992488,NA,NA,51.14713,Powell,0.992488
NA,NA,134,052715MC23,2015-05-27T10:35:00Z,46.19683,-124.4787,35619,Chinook salmon,yearling,174,166,66.9,Most to genus or taxa,SEBASTES,ROCKFISH,Juvenile,2,1.599,Most to genus or taxa,Fish,Snake_Sp,0.8232,Mid&UCR_Sp,0.1768,67.46078,Dworshak,0.991128
NA,NA,134,052715MC23,2015-05-27T10:35:00Z,46.19683,-124.4787,35620,Chinook salmon,yearling,170,169,53.8,Some to taxa,OSTEICHTHYES,BONY FISHES,Material,0,0.041,Some to taxa,Fish,Mid&UCR_Sp,1,NA,NA,42.00954,NA,NA
NA,NA,134,052715MC23,2015-05-27T10:35:00Z,46.19683,-124.4787,35621,Chinook salmon,yearling,197,191,89,Totally digested,EMPTY STOMACH,EMPTY STOMACH,No Food,NA,0,Totally digested,Empty Stomach,Snake_F,0.9938,NA,NA,78.60303,NA,NA
NA,NA,130,052715MC24,2015-05-27T12:07:00Z,46.16367,-124.4492,35628,Chinook salmon,yearling,161,158,43.8,Most to genus or taxa,PLEURONECTIDAE,RIGHTEYED FLATFISH,Juvenile,8,0.767,Most to genus or taxa,Fish,Snake_Sp,0.6584,Mid&UCR_Sp,0.3416,64.832,LyonsFerry,0.992164
NA,NA,130,052715MC24,2015-05-27T12:07:00Z,46.16367,-124.4492,35633,Chinook salmon,yearling,138,135,20.9,Most to genus or taxa,SEBASTES,ROCKFISH,Juvenile,2,0.893,Most to genus or taxa,Fish,Snake_Sp,0.9991,NA,NA,18.10376,RapidRiver,0.999503
NA,NA,130,052715MC24,2015-05-27T12:07:00Z,46.16367,-124.4492,35634,Chinook salmon,yearling,120,116,17.2,Most to genus or taxa,SEBASTES,ROCKFISH,Larva,5,0.092,Most to genus or taxa,Fish,Snake_Sp,0.9973,NA,NA,44.01135,Sawtooth,0.998965
NA,NA,130,052715MC24,2015-05-27T12:07:00Z,46.16367,-124.4492,35634,Chinook salmon,yearling,120,116,17.2,Most to genus or taxa,CANCER OREGONENSIS/PRODUCTUS,CANCER OREG/PROD,Megalopa,1,0.006,Most to genus or taxa,Crab,Snake_Sp,0.9973,NA,NA,44.01135,Sawtooth,0.998965
NA,NA,130,052715MC24,2015-05-27T12:07:00Z,46.16367,-124.4492,35634,Chinook salmon,yearling,120,116,17.2,Most to genus or taxa,HYPERIIDAE,HYPERIIDAE,Adult,1,0.002,Most to genus or taxa,Plankton/Crustaceans,Snake_Sp,0.9973,NA,NA,44.01135,Sawtooth,0.998965
NA,NA,130,052715MC24,2015-05-27T12:07:00Z,46.16367,-124.4492,35635,Chinook salmon,yearling,150,151,36.8,Most to genus or taxa,PLEURONECTIDAE,RIGHTEYED FLATFISH,Juvenile,5,1.125,Most to genus or taxa,Fish,Snake_Sp,0.617,Mid&UCR_Sp,0.383,53.79787,NA,NA
NA,NA,130,052715MC24,2015-05-27T12:07:00Z,46.16367,-124.4492,35637,Chinook salmon,yearling,152,145,28.8,Totally digested,EMPTY STOMACH,EMPTY STOMACH,No Food,NA,0,Totally digested,Empty Stomach,Snake_Sp,0.6127,Mid&UCR_Sp,0.3873,44.62343,NA,NA
NA,NA,130,052715MC24,2015-05-27T12:07:00Z,46.16367,-124.4492,35641,Chinook salmon,yearling,130,129,19.8,Most to genus or taxa,SEBASTES,ROCKFISH,Larva,1,0.028,Most to genus or taxa,Fish,Snake_Sp,0.9745,Mid&UCR_Sp,0.0255,NA,Lookingglass,0.998967
NA,NA,130,052715MC24,2015-05-27T12:07:00Z,46.16367,-124.4492,35642,Chinook salmon,yearling,160,154,45.6,Mostly to spp or genus,PLEURONECTIDAE,RIGHTEYED FLATFISH,Juvenile,6,1.071,Mostly to spp or genus,Fish,Snake_Sp,1,NA,NA,51.24497,RapidRiver,0.999286
NA,NA,130,052715MC24,2015-05-27T12:07:00Z,46.16367,-124.4492,35647,Chinook salmon,yearling,160,157,45.7,Most to taxa,PLEURONECTIDAE,RIGHTEYED FLATFISH,Juvenile,0,0.613,Most to taxa,Fish,Mid&UCR_Sp,0.9568,Snake_Sp,0.0432,59.73869,NA,NA
NA,NA,130,052715MC24,2015-05-27T12:07:00Z,46.16367,-124.4492,35655,Chinook salmon,yearling,194,190,80.4,Most to taxa,PLEURONECTIDAE,RIGHTEYED FLATFISH,Juvenile,5,0.657,Most to taxa,Fish,Snake_Sp,0.9687,Mid&UCR_Sp,0.0313,79.09427,NA,NA
NA,NA,130,052715MC24,2015-05-27T12:07:00Z,46.16367,-124.4492,35630,Chinook salmon,yearling,133,130,21.1,Most to taxa,SEBASTES,ROCKFISH,Larva,2,0.037,Most to taxa,Fish,Mid&UCR_Sp,0.9715,Snake_Sp,0.0285,38.22311,NA,NA
NA,NA,130,052715MC24,2015-05-27T12:07:00Z,46.16367,-124.4492,35630,Chinook salmon,yearling,133,130,21.1,Most to taxa,OSTEICHTHYES,BONY FISHES,Material,0,0.164,Most to taxa,Fish,Mid&UCR_Sp,0.9715,Snake_Sp,0.0285,38.22311,NA,NA
NA,NA,130,052715MC25,2015-05-27T13:47:00Z,46.1635,-124.4542,35665,Chinook salmon,yearling,147,156,33.8,Most to genus or taxa,SEBASTES,ROCKFISH,Juvenile,2,0.764,Most to genus or taxa,Fish,Snake_Sp,0.9986,NA,NA,NA,NA,NA
NA,NA,130,052715MC25,2015-05-27T13:47:00Z,46.1635,-124.4542,35669,Chinook salmon,yearling,141,138,23.5,Totally digested,EMPTY STOMACH,EMPTY STOMACH,No Food,NA,0,Totally digested,Empty Stomach,Snake_Sp,0.9982,NA,NA,31.83014,Sawtooth,0.992713
NA,NA,130,052715MC25,2015-05-27T13:47:00Z,46.1635,-124.4542,35671,Chinook salmon,yearling,170,164,47.7,Most to taxa,SEBASTES,ROCKFISH,Juvenile,2,1.216,Most to taxa,Fish,Snake_Sp,0.9993,NA,NA,55.78124,Pahsimeroi,0.999587
NA,NA,130,052715MC25,2015-05-27T13:47:00Z,46.1635,-124.4542,35676,Chinook salmon,yearling,158,153,40.8,Most to taxa,PLEURONECTIDAE,RIGHTEYED FLATFISH,Juvenile,3,0.15,Most to taxa,Fish,Snake_Sp,0.9996,NA,NA,62.01852,RapidRiver,0.995548
NA,NA,130,052715MC25,2015-05-27T13:47:00Z,46.1635,-124.4542,35677,Chinook salmon,yearling,165,161,49,Most to genus or taxa,PLEURONECTIDAE,RIGHTEYED FLATFISH,Juvenile,13,1.216,Most to genus or taxa,Fish,Snake_Sp,0.9782,Mid&UCR_Sp,0.0218,75.7037,McCall,0.997433
NA,NA,130,052715MC25,2015-05-27T13:47:00Z,46.1635,-124.4542,35678,Chinook salmon,yearling,165,159,47.9,Most to taxa,PLEURONECTIDAE,RIGHTEYED FLATFISH,Juvenile,3,0.443,Most to taxa,Fish,Mid&UCR_Sp,0.8302,Snake_Sp,0.1698,54.47989,NA,NA
NA,NA,130,052715MC25,2015-05-27T13:47:00Z,46.1635,-124.4542,35681,Chinook salmon,yearling,169,161,50.5,Some to taxa,OSTEICHTHYES,BONY FISHES,Material,0,0.168,Some to taxa,Fish,Snake_Sp,0.9975,NA,NA,54.73281,McCall,0.994529
NA,NA,130,052715MC25,2015-05-27T13:47:00Z,46.1635,-124.4542,35682,Chinook salmon,yearling,172,167,57.9,Most to genus or taxa,PLEURONECTIDAE,RIGHTEYED FLATFISH,Juvenile,3,0.599,Most to genus or taxa,Fish,Snake_Sp,1,NA,NA,70.56595,RapidRiver,0.9988
NA,NA,130,052715MC25,2015-05-27T13:47:00Z,46.1635,-124.4542,35683,Chinook salmon,yearling,165,161,54.2,Most to taxa,PLEURONECTIDAE,RIGHTEYED FLATFISH,Juvenile,0,0.315,Most to taxa,Fish,Mid&UCR_Sp,0.713,Snake_Sp,0.287,66.48932,NA,NA
NA,NA,130,052715MC25,2015-05-27T13:47:00Z,46.1635,-124.4542,35686,Chinook salmon,yearling,170,167,59.7,Most to taxa,SEBASTES,ROCKFISH,Juvenile,2,1.05,Most to taxa,Fish,Snake_F,1,NA,NA,50.6178,NA,NA
NA,NA,130,052715MC25,2015-05-27T13:47:00Z,46.1635,-124.4542,35689,Chinook salmon,yearling,180,179,73.7,Most to taxa,PLEURONECTIDAE,RIGHTEYED FLATFISH,Material,1,0.041,Most to taxa,Fish,Snake_Sp,0.9774,Mid&UCR_Sp,0.0226,80.28815,Sawtooth,0.993206
NA,NA,130,052715MC25,2015-05-27T13:47:00Z,46.1635,-124.4542,35689,Chinook salmon,yearling,180,179,73.7,Most to taxa,SEBASTES,ROCKFISH,Juvenile,2,1.423,Most to taxa,Fish,Snake_Sp,0.9774,Mid&UCR_Sp,0.0226,80.28815,Sawtooth,0.993206
NA,NA,130,052715MC25,2015-05-27T13:47:00Z,46.1635,-124.4542,35698,Chinook salmon,yearling,151,150,33.5,Most to genus or taxa,PLEURONECTIDAE,RIGHTEYED FLATFISH,Juvenile,10,0.84,Most to genus or taxa,Fish,Snake_Sp,0.999726,NA,NA,56.4623,Sawtooth,0.999726
NA,NA,130,052715MC25,2015-05-27T13:47:00Z,46.1635,-124.4542,35699,Chinook salmon,yearling,162,159,41.6,Most to genus or taxa,PLEURONECTIDAE,RIGHTEYED FLATFISH,Juvenile,3,0.508,Most to genus or taxa,Fish,Snake_Sp,1,NA,NA,43.96138,RapidRiver,0.999849
NA,NA,131,052715MC26,2015-05-27T15:36:00Z,46.16133,-124.4633,35701,Chinook salmon,yearling,173,171,57.2,Most to taxa,PLEURONECTIDAE,RIGHTEYED FLATFISH,Juvenile,5,0.402,Most to taxa,Fish,Snake_Sp,0.9981,NA,NA,90.13996,McCall,0.985002
NA,NA,131,052715MC26,2015-05-27T15:36:00Z,46.16133,-124.4633,35702,Chinook salmon,yearling,189,181,79.4,Most to taxa,SEBASTES,ROCKFISH,Juvenile,1,0.455,Most to taxa,Fish,Snake_F,0.9887,UCR_Su/F,0.0113,76.35736,NA,NA
NA,NA,131,052715MC26,2015-05-27T15:36:00Z,46.16133,-124.4633,35705,Chinook salmon,yearling,161,155,34.3,Most to taxa,PLEURONECTIDAE,RIGHTEYED FLATFISH,Juvenile,2,0.387,Most to taxa,Fish,Snake_Sp,1,NA,NA,62.4366,RapidRiver,0.998285
NA,NA,131,052715MC26,2015-05-27T15:36:00Z,46.16133,-124.4633,35706,Chinook salmon,yearling,140,135,24.2,Some to taxa,OSTEICHTHYES,BONY FISHES,Juvenile,1,0.322,Some to taxa,Fish,Snake_Sp,0.5666,Mid&UCR_Sp,0.4334,49.7624,McCall,0.99938
NA,NA,131,052715MC26,2015-05-27T15:36:00Z,46.16133,-124.4633,35709,Chinook salmon,yearling,145,140,28.7,Most to taxa,PLEURONECTIDAE,RIGHTEYED FLATFISH,Juvenile,0,0.273,Most to taxa,Fish,Snake_Sp,0.9999,NA,NA,40.3925,Powell,0.99968
NA,NA,131,052715MC26,2015-05-27T15:36:00Z,46.16133,-124.4633,35715,Chinook salmon,yearling,180,167,61.1,Most to taxa,PLEURONECTIDAE,RIGHTEYED FLATFISH,Juvenile,4,0.692,Most to taxa,Fish,Snake_Sp,0.9999,NA,NA,63.44418,RapidRiver,0.99788
NA,NA,131,052715MC26,2015-05-27T15:36:00Z,46.16133,-124.4633,35716,Chinook salmon,yearling,172,168,58,Most to genus or taxa,PLEURONECTIDAE,RIGHTEYED FLATFISH,Juvenile,7,1.016,Most to genus or taxa,Fish,Snake_Sp,0.9414,Mid&UCR_Sp,0.0586,51.88355,RapidRiver,0.99792
NA,NA,131,052715MC27,2015-05-27T17:15:00Z,46.16833,-124.4442,35732,Chinook salmon,yearling,150,145,36.1,Most to taxa,SEBASTES,ROCKFISH,Juvenile,1,0.122,Most to taxa,Fish,Mid&UCR_Sp,0.9197,Snake_Sp,0.0803,54.29382,NA,NA
NA,NA,131,052715MC27,2015-05-27T17:15:00Z,46.16833,-124.4442,35733,Chinook salmon,yearling,150,146,33.9,Most to taxa,SEBASTES,ROCKFISH,Juvenile,1,0.474,Most to taxa,Fish,Snake_Sp,0.9986,NA,NA,49.63728,Pahsimeroi,0.997704
Father and Son,4,29,062115FS04,2015-06-21T07:56:00Z,48.24617,-124.7922,35752,Chinook salmon,yearling,240,230,168.7,Most to taxa,SEBASTES,ROCKFISH,Juvenile,2,0.727,Most to taxa,Fish,WR_Sp,1,NA,0,NA,NA,NA
Father and Son,4,29,062115FS04,2015-06-21T07:56:00Z,48.24617,-124.7922,35753,Chinook salmon,yearling,212,205,115,Most to genus or taxa,CANCER ANTENNARIUS/GRACILIS,CANCER ANT/GRAC,Megalopa,1,0.009,Most to genus or taxa,Crab,UCR_Su/F,0.9271,Snake_F,0.0729,NA,NA,NA
Father and Son,7,52,062115FS07,2015-06-21T09:46:00Z,48.249,-124.8642,35766,Chinook salmon,yearling,192,186,85.7,Some to taxa,UNIDENTIFIED,UNIDENTIFIED MATERIAL,Material,0,0.006,Some to taxa,Inorganic Material,UCR_Su/F,0.9993,NA,0,NA,NA,NA
Father and Son,7,52,062115FS07,2015-06-21T09:46:00Z,48.249,-124.8642,35767,Chinook salmon,yearling,175,168,64.4,Some to taxa,OSTEICHTHYES,BONY FISHES,Material,1,0.015,Some to taxa,Fish,Mid&UCR_Sp,0.9535,Snake_Sp,0.0465,NA,NA,NA
Father and Son,9,117,062115FS09,2015-06-21T11:37:00Z,48.24417,-124.9213,35800,Chinook salmon,yearling,162,156,44.5,Some to taxa,UNIDENTIFIED,UNIDENTIFIED MATERIAL,Material,0,0.009,Some to taxa,Inorganic Material,Snake_Sp,0.9755,Mid&UCR_Sp,0.0245,NA,Sawtooth,0.996066
LaPush,4,32,062215LP04,2015-06-22T08:04:00Z,47.92867,-124.7508,35868,Chinook salmon,yearling,180,175,68,Most to taxa,PHRONIMA SEDENTARIA,PHRONIMA SEDENTARIA,Adult,1,0.046,Most to taxa,Plankton/Crustaceans,UCR_Su/F,0.8963,Snake_F,0.1036,NA,NA,NA
LaPush,4,32,062215LP04,2015-06-22T08:04:00Z,47.92867,-124.7508,35869,Chinook salmon,yearling,201,195,95.6,Some to taxa,OSTEICHTHYES,BONY FISHES,Juvenile,1,0.052,Some to taxa,Fish,Mid&UCR_Sp,0.9555,Snake_Sp,0.0445,NA,NA,NA
LaPush,4,32,062215LP04,2015-06-22T08:04:00Z,47.92867,-124.7508,35871,Chinook salmon,yearling,156,151,39.9,Some to taxa,OSTEICHTHYES,BONY FISHES,Material,1,0.061,Some to taxa,Fish,Snake_Sp,1,NA,0,NA,Sawtooth,0.993837
LaPush,4,32,062215LP04,2015-06-22T08:04:00Z,47.92867,-124.7508,35873,Chinook salmon,yearling,165,160,48.1,Totally digested,EMPTY STOMACH,EMPTY STOMACH,No Food,NA,0,Totally digested,Empty Stomach,Snake_Sp,0.9245,Mid&UCR_Sp,0.0755,NA,Clearwater,0.996614
LaPush,4,32,062215LP04,2015-06-22T08:04:00Z,47.92867,-124.7508,35874,Chinook salmon,yearling,195,190,84.1,Some to taxa,OSTEICHTHYES,BONY FISHES,Juvenile,1,0.344,Some to taxa,Fish,UCR_Su/F,0.9968,NA,0,NA,NA,NA
LaPush,4,32,062215LP04,2015-06-22T08:04:00Z,47.92867,-124.7508,35875,Chinook salmon,yearling,183,177,77.4,Most to genus or taxa,SEBASTES,ROCKFISH,Juvenile,2,1.281,Most to genus or taxa,Fish,UCR_Su/F,0.9999,NA,0,NA,NA,NA
LaPush,4,32,062215LP04,2015-06-22T08:04:00Z,47.92867,-124.7508,35890,Chinook salmon,yearling,167,NA,53.6,Most to genus or taxa,SEBASTES,ROCKFISH,Juvenile,2,0.307,Most to genus or taxa,Fish,Mid&UCR_Sp,0.9085,Snake_Sp,0.0915,NA,NA,NA
LaPush,4,32,062215LP04,2015-06-22T08:04:00Z,47.92867,-124.7508,35892,Chinook salmon,yearling,170,165,51.4,Some to taxa,OSTEICHTHYES,BONY FISHES,Material,1,0.069,Some to taxa,Fish,Snake_Sp,0.9961,NA,0,NA,McCall,0.985597
LaPush,6,51,062215LP06,2015-06-22T09:58:00Z,47.9315,-124.8032,35901,Chinook salmon,yearling,232,220,140.8,Most to taxa,OSTEICHTHYES,BONY FISHES,Material,1,0.54,Most to taxa,Fish,WC_Sp,1,NA,0,NA,NA,NA
LaPush,6,51,062215LP06,2015-06-22T09:58:00Z,47.9315,-124.8032,35902,Chinook salmon,yearling,212,202,122.1,Most to genus or taxa,ATHERESTHES STOMIAS,ARROWTOOTH FLOUNDER,Juvenile,1,0.682,Most to genus or taxa,Fish,WC_Sp,1,NA,0,NA,NA,NA
LaPush,6,51,062215LP06,2015-06-22T09:58:00Z,47.9315,-124.8032,35978.19,Chinook salmon,yearling,NA,200,100.3,Most to taxa,PHRONIMA SEDENTARIA,PHRONIMA SEDENTARIA,Adult,1,0.048,Most to taxa,Plankton/Crustaceans,NA,NA,NA,NA,NA,NA,NA
LaPush,6,51,062215LP06,2015-06-22T09:58:00Z,47.9315,-124.8032,35978.19,Chinook salmon,yearling,NA,200,100.3,Most to taxa,SEBASTES,ROCKFISH,Juvenile,1,0.051,Most to taxa,Fish,NA,NA,NA,NA,NA,NA,NA
LaPush,6,51,062215LP06,2015-06-22T09:58:00Z,47.9315,-124.8032,35978.19,Chinook salmon,yearling,NA,200,100.3,Most to taxa,VIBILIA,VIBILIA,Adult,3,0.023,Most to taxa,Plankton/Crustaceans,NA,NA,NA,NA,NA,NA,NA
LaPush,6,51,062215LP06,2015-06-22T09:58:00Z,47.9315,-124.8032,35978.2,Chinook salmon,yearling,NA,200,89.5,Most to taxa,OSTEICHTHYES,BONY FISHES,Juvenile,2,0.399,Most to taxa,Fish,Snake_Sp,0.7468,Mid&UCR_Sp,0.2532,NA,NA,NA
LaPush,9,79,062215LP09,2015-06-22T12:17:00Z,47.93233,-124.8848,35981,Chinook salmon,yearling,158,151,43.7,Most to taxa,SEBASTES,ROCKFISH,Juvenile,1,0.565,Most to taxa,Fish,Snake_Sp,0.9561,Mid&UCR_Sp,0.0439,NA,NA,NA
LaPush,9,79,062215LP09,2015-06-22T12:17:00Z,47.93233,-124.8848,35981,Chinook salmon,yearling,158,151,43.7,Most to taxa,PLEURONECTIDAE,RIGHTEYED FLATFISH,Juvenile,1,0.176,Most to taxa,Fish,Snake_Sp,0.9561,Mid&UCR_Sp,0.0439,NA,NA,NA
Queets River,6,27,062315QR06,2015-06-23T08:41:00Z,47.5195,-124.5018,36019,Chinook salmon,yearling,185,179,69.8,Most to genus or taxa,AMMODYTES HEXAPTERUS,PACIFIC SAND LANCE,Juvenile,1,0.189,Most to genus or taxa,Fish,UCR_Su/F,0.988,Snake_F,0.012,NA,NA,NA
Queets River,6,27,062315QR06,2015-06-23T08:41:00Z,47.5195,-124.5018,36020,Chinook salmon,yearling,173,167,42.9,Totally digested,EMPTY STOMACH,EMPTY STOMACH,No Food,NA,0,Totally digested,Empty Stomach,Snake_Sp,0.9321,Mid&UCR_Sp,0.0679,NA,McCall,0.96306
Queets River,6,27,062315QR06,2015-06-23T08:41:00Z,47.5195,-124.5018,36028,Chinook salmon,yearling,192,185,75.9,Most to taxa,CANCER,CANCER,Megalopa,3,0.017,Most to taxa,Crab,UCR_Su/F,0.9989,NA,0,NA,NA,NA
Queets River,6,27,062315QR06,2015-06-23T08:41:00Z,47.5195,-124.5018,36028,Chinook salmon,yearling,192,185,75.9,Most to taxa,PINNIXA,PEA CRABS,Megalopa,1,0.003,Most to taxa,Crab,UCR_Su/F,0.9989,NA,0,NA,NA,NA
Queets River,6,27,062315QR06,2015-06-23T08:41:00Z,47.5195,-124.5018,36045,Chinook salmon,yearling,202,196,95.3,Most to taxa,PAGURIDAE,PAGURIDAE,Megalopa,7,0.027,Most to taxa,Crab,UCR_Su/F,0.9992,NA,0,NA,NA,NA
Queets River,6,27,062315QR06,2015-06-23T08:41:00Z,47.5195,-124.5018,36045,Chinook salmon,yearling,202,196,95.3,Most to taxa,HYPEROCHE MEDUSARUM,HYPEROCHE MEDUSARUM,Adult,2,0.004,Most to taxa,Plankton/Crustaceans,UCR_Su/F,0.9992,NA,0,NA,NA,NA
Queets River,6,27,062315QR06,2015-06-23T08:41:00Z,47.5195,-124.5018,36045,Chinook salmon,yearling,202,196,95.3,Most to taxa,CANCER,CANCER,Megalopa,4,0.025,Most to taxa,Crab,UCR_Su/F,0.9992,NA,0,NA,NA,NA
Queets River,10,51,062315QR10,2015-06-23T10:35:00Z,47.54883,-124.6135,36061,Chinook salmon,yearling,181,174,68,Most to genus or taxa,THYSANOESSA SPINIFERA,THYSANOESSA SPINIFERA,Adult,17,1.424,Most to genus or taxa,Plankton/Crustaceans,Snake_Sp,0.989938,NA,NA,NA,Dworshak,0.989938
Queets River,10,51,062315QR10,2015-06-23T10:35:00Z,47.54883,-124.6135,36061,Chinook salmon,yearling,181,174,68,Most to genus or taxa,CANCER ANTENNARIUS/GRACILIS,CANCER ANT/GRAC,Megalopa,1,0.001,Most to genus or taxa,Crab,Snake_Sp,0.989938,NA,NA,NA,Dworshak,0.989938
Queets River,10,51,062315QR10,2015-06-23T10:35:00Z,47.54883,-124.6135,36062,Chinook salmon,yearling,195,192,79.3,Most to genus or taxa,SEBASTES,ROCKFISH,Juvenile,1,0.563,Most to genus or taxa,Fish,Snake_F,0.7921,UCR_Su/F,0.2079,NA,NA,NA
Queets River,10,51,062315QR10,2015-06-23T10:35:00Z,47.54883,-124.6135,36063,Chinook salmon,yearling,197,189,92.3,Most to genus or taxa,THYSANOESSA SPINIFERA,THYSANOESSA SPINIFERA,Adult,23,1.73,Most to genus or taxa,Plankton/Crustaceans,Mid&UCR_Sp,0.8548,Snake_Sp,0.1452,NA,NA,NA
Queets River,10,51,062315QR10,2015-06-23T10:35:00Z,47.54883,-124.6135,36064,Chinook salmon,yearling,166,164,54.8,Mostly to spp or genus,SEBASTES,ROCKFISH,Juvenile,2,0.357,Mostly to spp or genus,Fish,UCR_Su/F,0.9941,NA,0,NA,NA,NA
Queets River,10,51,062315QR10,2015-06-23T10:35:00Z,47.54883,-124.6135,36109,Chinook salmon,yearling,162,156,36.4,Totally digested,EMPTY STOMACH,EMPTY STOMACH,No Food,NA,0,Totally digested,Empty Stomach,Snake_Sp,0.9852,Mid&UCR_Sp,0.0148,NA,McCall,0.972953
Queets River,6,30,062315QR06B,2015-06-23T17:10:00Z,47.548,-124.514,36111,Chinook salmon,yearling,227,220,135.2,Totally digested,UNIDENTIFIED,UNIDENTIFIED MATERIAL,Material,1,0.049,Totally digested,Inorganic Material,WR_Sp,1,NA,0,NA,NA,NA
Queets River,6,30,062315QR06B,2015-06-23T17:10:00Z,47.548,-124.514,36113,Chinook salmon,yearling,235,225,140.9,Most to genus or taxa,ENGRAULIS MORDAX,NORTHERN ANCHOVY,Juvenile,1,0.11,Most to genus or taxa,Fish,UCR_Su/F,0.9924,NA,0,NA,NA,NA
Grays Harbor,3,23,062415GH03,2015-06-24T07:53:00Z,47.01367,-124.2508,36139,Chinook salmon,yearling,212,206,112.9,Most to genus or taxa,SEBASTES,ROCKFISH,Juvenile,1,0.698,Most to genus or taxa,Fish,UCR_Su/F,0.9819,Snake_F,0.0181,NA,NA,NA
Grays Harbor,3,23,062415GH03,2015-06-24T07:53:00Z,47.01367,-124.2508,36139,Chinook salmon,yearling,212,206,112.9,Most to genus or taxa,CITHARICHTHYS SORDIDUS,PACIFIC SANDDAB,Juvenile,5,2.62,Most to genus or taxa,Fish,UCR_Su/F,0.9819,Snake_F,0.0181,NA,NA,NA
Grays Harbor,3,23,062415GH03,2015-06-24T07:53:00Z,47.01367,-124.2508,36140,Chinook salmon,yearling,230,NA,168.5,Most to genus or taxa,CLUPEIDAE,HERRINGS,Juvenile,1,2.523,Most to genus or taxa,Fish,Snake_F,0.9269,UCR_Su/F,0.0731,NA,NA,NA
Grays Harbor,3,23,062415GH03,2015-06-24T07:53:00Z,47.01367,-124.2508,36141,Chinook salmon,yearling,160,155,43.4,Most to genus or taxa,ENGRAULIS MORDAX,NORTHERN ANCHOVY,Juvenile,1,0.395,Most to genus or taxa,Fish,UCR_Su/F,1,NA,0,NA,NA,NA
Grays Harbor,3,23,062415GH03,2015-06-24T07:53:00Z,47.01367,-124.2508,36141,Chinook salmon,yearling,160,155,43.4,Most to genus or taxa,LIPARIS,SNAILFISHES,Juvenile,2,0.583,Most to genus or taxa,Fish,UCR_Su/F,1,NA,0,NA,NA,NA
Grays Harbor,3,23,062415GH03,2015-06-24T07:53:00Z,47.01367,-124.2508,36141,Chinook salmon,yearling,160,155,43.4,Most to genus or taxa,SEBASTES,ROCKFISH,Juvenile,1,0.361,Most to genus or taxa,Fish,UCR_Su/F,1,NA,0,NA,NA,NA
Grays Harbor,3,23,062415GH03,2015-06-24T07:53:00Z,47.01367,-124.2508,36142,Chinook salmon,yearling,168,168,51.2,Totally digested,EMPTY STOMACH,EMPTY STOMACH,No Food,NA,0,Totally digested,Empty Stomach,UCR_Su/F,0.9779,Snake_F,0.0221,NA,NA,NA
Grays Harbor,3,23,062415GH03,2015-06-24T07:53:00Z,47.01367,-124.2508,36155,Chinook salmon,yearling,183,180,64,Most to taxa,OSTEICHTHYES,BONY FISHES,Juvenile,6,0.196,Most to taxa,Fish,UCR_Su/F,0.9234,Snake_F,0.0766,NA,NA,NA
Grays Harbor,6,36,062415GH06,2015-06-24T10:10:00Z,47.0185,-124.3282,36166,Chinook salmon,yearling,230,223,144.3,Most to genus or taxa,SEBASTES,ROCKFISH,Juvenile,3,0.764,Most to genus or taxa,Fish,WR_Sp,1,NA,0,NA,NA,NA
Grays Harbor,6,36,062415GH06,2015-06-24T10:10:00Z,47.0185,-124.3282,36167,Chinook salmon,yearling,220,217,121.3,Most to genus or taxa,FABIA SUBQUADRATA,GROOVED MUSSEL CRAB,Megalopa,2,0.003,Most to genus or taxa,Crab,Desch_F,0.9998,NA,0,NA,NA,NA
Grays Harbor,6,36,062415GH06,2015-06-24T10:10:00Z,47.0185,-124.3282,36167,Chinook salmon,yearling,220,217,121.3,Most to genus or taxa,PAGURIDAE,PAGURIDAE,Megalopa,2,0.015,Most to genus or taxa,Crab,Desch_F,0.9998,NA,0,NA,NA,NA
Grays Harbor,6,36,062415GH06,2015-06-24T10:10:00Z,47.0185,-124.3282,36167,Chinook salmon,yearling,220,217,121.3,Most to genus or taxa,ATYLUS TRIDENS,ATYLUS TRIDENS,Adult,31,0.371,Most to genus or taxa,Plankton/Crustaceans,Desch_F,0.9998,NA,0,NA,NA,NA
Grays Harbor,6,36,062415GH06,2015-06-24T10:10:00Z,47.0185,-124.3282,36167,Chinook salmon,yearling,220,217,121.3,Most to genus or taxa,CANCER OREGONENSIS/PRODUCTUS,CANCER OREG/PROD,Megalopa,1,0.007,Most to genus or taxa,Crab,Desch_F,0.9998,NA,0,NA,NA,NA
Grays Harbor,6,36,062415GH06,2015-06-24T10:10:00Z,47.0185,-124.3282,36168,Chinook salmon,yearling,160,157,36.9,Most to taxa,OSTEICHTHYES,BONY FISHES,Juvenile,1,0.029,Most to taxa,Fish,Snake_Sp,0.9997,NA,0,NA,RapidRiver,0.987868
Grays Harbor,6,36,062415GH06B,2015-06-24T11:29:00Z,46.99333,-124.32,36180,Chinook salmon,yearling,155,151,38.2,Most to taxa,PORCELLANIDAE,PORCELLANIDAE,Megalopa,1,0.002,Most to taxa,Crab,Snake_Sp,0.9962,NA,NA,NA,NA,NA
Grays Harbor,6,36,062415GH06B,2015-06-24T11:29:00Z,46.99333,-124.32,36180,Chinook salmon,yearling,155,151,38.2,Most to taxa,OSTEICHTHYES,BONY FISHES,Juvenile,2,0.03,Most to taxa,Fish,Snake_Sp,0.9962,NA,NA,NA,NA,NA
Grays Harbor,10,53,062415GH10,2015-06-24T13:30:00Z,47.01317,-124.4213,36182,Chinook salmon,yearling,150,147,35.5,Totally digested,EMPTY STOMACH,EMPTY STOMACH,No Food,NA,0,Totally digested,Empty Stomach,Mid&UCR_Sp,0.9503,Snake_Sp,0.0497,NA,NA,NA
Grays Harbor,16,77,062415GH16,2015-06-24T16:35:00Z,47.01683,-124.5647,36188,Chinook salmon,yearling,165,162,44.8,Totally digested,UNIDENTIFIED,UNIDENTIFIED MATERIAL,Material,1,0.015,Totally digested,Inorganic Material,Snake_Sp,0.9686,Mid&UCR_Sp,0.0314,NA,McCall,0.976277
Grays Harbor,16,77,062415GH16,2015-06-24T16:35:00Z,47.01683,-124.5647,36189,Chinook salmon,yearling,196,191,88.2,Most to genus or taxa,SEBASTES,ROCKFISH,Juvenile,2,0.777,Most to genus or taxa,Fish,Snake_Sp,0.939,Mid&UCR_Sp,0.061,NA,NA,NA
Willapa Bay,5,31,062515WB05,2015-06-25T07:44:00Z,46.67717,-124.1878,36202,Chinook salmon,yearling,188,183,74.4,Most to taxa,OSTEICHTHYES,BONY FISHES,Juvenile,1,0.051,Most to taxa,Fish,UCR_Su/F,0.9824,Snake_F,0.0176,NA,NA,NA
Willapa Bay,5,31,062515WB05,2015-06-25T07:44:00Z,46.67717,-124.1878,36203,Chinook salmon,yearling,215,209,110.3,Most to taxa,OSTEICHTHYES,BONY FISHES,Juvenile,1,0.726,Most to taxa,Fish,WR_Sp,0.9907,NA,0,NA,NA,NA
Willapa Bay,5,31,062515WB05,2015-06-25T07:44:00Z,46.67717,-124.1878,36204,Chinook salmon,yearling,260,252,231,Some to taxa,OSTEICHTHYES,BONY FISHES,Material,1,0.235,Some to taxa,Fish,WC_Sp,1,NA,0,NA,NA,NA
Willapa Bay,5,31,062515WB05,2015-06-25T07:44:00Z,46.67717,-124.1878,36206,Chinook salmon,yearling,265,253,222.2,Most to genus or taxa,ENGRAULIS MORDAX,NORTHERN ANCHOVY,Juvenile,1,1.217,Most to genus or taxa,Fish,WC_Sp,0.9953,NA,0,NA,NA,NA
Willapa Bay,5,31,062515WB05,2015-06-25T07:44:00Z,46.67717,-124.1878,36206,Chinook salmon,yearling,265,253,222.2,Most to genus or taxa,ATYLUS TRIDENS,ATYLUS TRIDENS,Juvenile,9,0.175,Most to genus or taxa,Plankton/Crustaceans,WC_Sp,0.9953,NA,0,NA,NA,NA
Willapa Bay,5,31,062515WB05,2015-06-25T07:44:00Z,46.67717,-124.1878,36207,Chinook salmon,yearling,243,233,170.5,Most to taxa,DECAPODA,DECAPODA,Megalopa,1,0.018,Most to taxa,Plankton/Crustaceans,UCR_Su/F,0.5722,Snake_F,0.4278,NA,NA,NA
Willapa Bay,5,31,062515WB05,2015-06-25T07:44:00Z,46.67717,-124.1878,36207,Chinook salmon,yearling,243,233,170.5,Most to taxa,OSTEICHTHYES,BONY FISHES,Juvenile,1,0.299,Most to taxa,Fish,UCR_Su/F,0.5722,Snake_F,0.4278,NA,NA,NA
Willapa Bay,5,31,062515WB05,2015-06-25T07:44:00Z,46.67717,-124.1878,36210,Chinook salmon,yearling,220,210,135.9,Most to taxa,CANCER OREGONENSIS/PRODUCTUS,CANCER OREG/PROD,Megalopa,4,0.03,Most to taxa,Crab,UCR_Su/F,0.9976,NA,0,NA,NA,NA
Willapa Bay,5,31,062515WB05,2015-06-25T07:44:00Z,46.67717,-124.1878,36210,Chinook salmon,yearling,220,210,135.9,Most to taxa,PINNOTHERIDAE,PEA CRABS,Megalopa,8,0.022,Most to taxa,Crab,UCR_Su/F,0.9976,NA,0,NA,NA,NA
Willapa Bay,5,31,062515WB05,2015-06-25T07:44:00Z,46.67717,-124.1878,36211,Chinook salmon,yearling,240,234,180.9,Most to genus or taxa,ATYLUS TRIDENS,ATYLUS TRIDENS,Adult,6,0.097,Most to genus or taxa,Plankton/Crustaceans,Snake_F,0.9897,UCR_Su/F,0.0102,NA,NA,NA
Willapa Bay,5,31,062515WB05,2015-06-25T07:44:00Z,46.67717,-124.1878,36211,Chinook salmon,yearling,240,234,180.9,Most to genus or taxa,SEBASTES,ROCKFISH,Juvenile,1,0.375,Most to genus or taxa,Fish,Snake_F,0.9897,UCR_Su/F,0.0102,NA,NA,NA
Willapa Bay,5,31,062515WB05,2015-06-25T07:44:00Z,46.67717,-124.1878,36212,Chinook salmon,yearling,263,254,221.5,Most to taxa,CEPHALOPODA,CEPHALOPODA,Juvenile,1,0.17,Most to taxa,Cephalopods,WC_Sp,1,NA,0,NA,NA,NA
Willapa Bay,5,31,062515WB05,2015-06-25T07:44:00Z,46.67717,-124.1878,36212,Chinook salmon,yearling,263,254,221.5,Most to taxa,OSTEICHTHYES,BONY FISHES,Juvenile,1,0.33,Most to taxa,Fish,WC_Sp,1,NA,0,NA,NA,NA
Willapa Bay,5,31,062515WB05,2015-06-25T07:44:00Z,46.67717,-124.1878,36213,Chinook salmon,yearling,238,234,153,Most to genus or taxa,ATYLUS TRIDENS,ATYLUS TRIDENS,Juvenile,22,0.429,Most to genus or taxa,Plankton/Crustaceans,WR_Sp,1,NA,0,NA,NA,NA
Willapa Bay,5,31,062515WB05,2015-06-25T07:44:00Z,46.67717,-124.1878,36213,Chinook salmon,yearling,238,234,153,Most to genus or taxa,SEBASTES,ROCKFISH,Juvenile,1,0.106,Most to genus or taxa,Fish,WR_Sp,1,NA,0,NA,NA,NA
Willapa Bay,5,31,062515WB05,2015-06-25T07:44:00Z,46.67717,-124.1878,36214,Chinook salmon,yearling,205,198,99,Most to genus or taxa,EUPHAUSIA PACIFICA,EUPHAUSIA PACIFICA,Adult,1,0.055,Most to genus or taxa,Plankton/Crustaceans,UCR_Su/F,0.9191,Snake_F,0.0809,NA,NA,NA
Willapa Bay,5,31,062515WB05,2015-06-25T07:44:00Z,46.67717,-124.1878,36214,Chinook salmon,yearling,205,198,99,Most to genus or taxa,PINNOTHERIDAE,PEA CRABS,Megalopa,1,0.021,Most to genus or taxa,Crab,UCR_Su/F,0.9191,Snake_F,0.0809,NA,NA,NA
Willapa Bay,5,31,062515WB05,2015-06-25T07:44:00Z,46.67717,-124.1878,36214,Chinook salmon,yearling,205,198,99,Most to genus or taxa,SEBASTES,ROCKFISH,Juvenile,1,0.483,Most to genus or taxa,Fish,UCR_Su/F,0.9191,Snake_F,0.0809,NA,NA,NA
Willapa Bay,5,31,062515WB05,2015-06-25T07:44:00Z,46.67717,-124.1878,36214,Chinook salmon,yearling,205,198,99,Most to genus or taxa,TEUTHIDA,SQUIDS,Juvenile,1,0.414,Most to genus or taxa,Cephalopods,UCR_Su/F,0.9191,Snake_F,0.0809,NA,NA,NA
Willapa Bay,5,31,062515WB05,2015-06-25T07:44:00Z,46.67717,-124.1878,36215,Chinook salmon,yearling,251,244,210.4,Most to genus or taxa,ATYLUS TRIDENS,ATYLUS TRIDENS,Juvenile,4,0.08,Most to genus or taxa,Plankton/Crustaceans,WC_Sp,0.9966,NA,0,NA,NA,NA
Willapa Bay,5,31,062515WB05,2015-06-25T07:44:00Z,46.67717,-124.1878,36216,Chinook salmon,yearling,266,258,229.5,Most to taxa,PINNOTHERIDAE,PEA CRABS,Megalopa,3,0.028,Most to taxa,Crab,WC_Sp,1,NA,0,NA,NA,NA
Willapa Bay,5,31,062515WB05,2015-06-25T07:44:00Z,46.67717,-124.1878,36217,Chinook salmon,yearling,232,224,142.6,Most to genus or taxa,ATYLUS TRIDENS,ATYLUS TRIDENS,Adult,7,0.103,Most to genus or taxa,Plankton/Crustaceans,UCR_Su/F,0.7482,Snake_F,0.2511,NA,NA,NA
Willapa Bay,5,31,062515WB05,2015-06-25T07:44:00Z,46.67717,-124.1878,36217,Chinook salmon,yearling,232,224,142.6,Most to genus or taxa,TEUTHIDA,SQUIDS,Juvenile,1,0.249,Most to genus or taxa,Cephalopods,UCR_Su/F,0.7482,Snake_F,0.2511,NA,NA,NA
Willapa Bay,5,31,062515WB05,2015-06-25T07:44:00Z,46.67717,-124.1878,36218,Chinook salmon,yearling,181,175,70.8,Most to taxa,PINNOTHERIDAE,PEA CRABS,Megalopa,2,0.005,Most to taxa,Crab,Snake_F,0.9442,UCR_Su/F,0.0558,NA,NA,NA
Willapa Bay,5,31,062515WB05,2015-06-25T07:44:00Z,46.67717,-124.1878,36218,Chinook salmon,yearling,181,175,70.8,Most to taxa,THEMISTO PACIFICA,THEMISTO PACIFICA,Adult,3,0.014,Most to taxa,Plankton/Crustaceans,Snake_F,0.9442,UCR_Su/F,0.0558,NA,NA,NA
Willapa Bay,5,31,062515WB05,2015-06-25T07:44:00Z,46.67717,-124.1878,36218,Chinook salmon,yearling,181,175,70.8,Most to taxa,ATYLUS TRIDENS,ATYLUS TRIDENS,Adult,2,0.021,Most to taxa,Plankton/Crustaceans,Snake_F,0.9442,UCR_Su/F,0.0558,NA,NA,NA
Willapa Bay,5,31,062515WB05,2015-06-25T07:44:00Z,46.67717,-124.1878,36219,Chinook salmon,yearling,228,222,143.3,Most to genus or taxa,SEBASTES,ROCKFISH,Juvenile,1,0.286,Most to genus or taxa,Fish,WR_Sp,0.995,NA,0,NA,NA,NA
Willapa Bay,5,31,062515WB05,2015-06-25T07:44:00Z,46.67717,-124.1878,36219,Chinook salmon,yearling,228,222,143.3,Most to genus or taxa,CANCER OREGONENSIS/PRODUCTUS,CANCER OREG/PROD,Megalopa,1,0.005,Most to genus or taxa,Crab,WR_Sp,0.995,NA,0,NA,NA,NA
Willapa Bay,5,31,062515WB05,2015-06-25T07:44:00Z,46.67717,-124.1878,36220,Chinook salmon,yearling,218,214,124.2,Most to taxa,ATYLUS TRIDENS,ATYLUS TRIDENS,Adult,3,0.028,Most to taxa,Plankton/Crustaceans,WR_Sp,1,NA,0,NA,NA,NA
Willapa Bay,5,31,062515WB05,2015-06-25T07:44:00Z,46.67717,-124.1878,36220,Chinook salmon,yearling,218,214,124.2,Most to taxa,CANCER ANTENNARIUS/GRACILIS,CANCER ANT/GRAC,Megalopa,1,0.002,Most to taxa,Crab,WR_Sp,1,NA,0,NA,NA,NA
Willapa Bay,5,31,062515WB05,2015-06-25T07:44:00Z,46.67717,-124.1878,36220,Chinook salmon,yearling,218,214,124.2,Most to taxa,SEBASTES,ROCKFISH,Juvenile,1,0.023,Most to taxa,Fish,WR_Sp,1,NA,0,NA,NA,NA
Willapa Bay,5,31,062515WB05,2015-06-25T07:44:00Z,46.67717,-124.1878,36220,Chinook salmon,yearling,218,214,124.2,Most to taxa,PINNOTHERIDAE,PEA CRABS,Megalopa,23,0.058,Most to taxa,Crab,WR_Sp,1,NA,0,NA,NA,NA
Willapa Bay,5,31,062515WB05,2015-06-25T07:44:00Z,46.67717,-124.1878,36222,Chinook salmon,yearling,241,232,173.1,Most to taxa,CANCER OREGONENSIS/PRODUCTUS,CANCER OREG/PROD,Megalopa,2,0.015,Most to taxa,Crab,WR_Sp,1,NA,0,NA,NA,NA
Willapa Bay,5,31,062515WB05,2015-06-25T07:44:00Z,46.67717,-124.1878,36222,Chinook salmon,yearling,241,232,173.1,Most to taxa,ATYLUS TRIDENS,ATYLUS TRIDENS,Adult,6,0.045,Most to taxa,Plankton/Crustaceans,WR_Sp,1,NA,0,NA,NA,NA
Willapa Bay,5,31,062515WB05,2015-06-25T07:44:00Z,46.67717,-124.1878,36222,Chinook salmon,yearling,241,232,173.1,Most to taxa,PINNOTHERIDAE,PEA CRABS,Megalopa,3,0.084,Most to taxa,Crab,WR_Sp,1,NA,0,NA,NA,NA
Willapa Bay,5,32,062515WB05B,2015-06-25T14:14:00Z,46.678,-124.1913,36313,Chinook salmon,yearling,229,224,158.5,Most to genus or taxa,ATYLUS TRIDENS,ATYLUS TRIDENS,Adult,1,0.035,Most to genus or taxa,Plankton/Crustaceans,WC_Sp,0.9992,NA,0,NA,NA,NA
Willapa Bay,5,32,062515WB05B,2015-06-25T14:14:00Z,46.678,-124.1913,36313,Chinook salmon,yearling,229,224,158.5,Most to genus or taxa,PSETTICHTHYS MELANOSTICTUS,SAND SOLE,Juvenile,2,0.063,Most to genus or taxa,Fish,WC_Sp,0.9992,NA,0,NA,NA,NA
Willapa Bay,5,32,062515WB05B,2015-06-25T14:14:00Z,46.678,-124.1913,36313,Chinook salmon,yearling,229,224,158.5,Most to genus or taxa,HYPEROCHE MEDUSARUM,HYPEROCHE MEDUSARUM,Adult,2,0.007,Most to genus or taxa,Plankton/Crustaceans,WC_Sp,0.9992,NA,0,NA,NA,NA
Willapa Bay,5,32,062515WB05B,2015-06-25T14:14:00Z,46.678,-124.1913,36314,Chinook salmon,yearling,241,235,189.5,Most to genus or taxa,ATYLUS TRIDENS,ATYLUS TRIDENS,Adult,6,0.106,Most to genus or taxa,Plankton/Crustaceans,WR_Sp,1,NA,0,NA,NA,NA
Willapa Bay,5,32,062515WB05B,2015-06-25T14:14:00Z,46.678,-124.1913,36315,Chinook salmon,yearling,221,214,135.8,Most to taxa,OSTEICHTHYES,BONY FISHES,Juvenile,3,0.061,Most to taxa,Fish,Snake_F,0.9986,NA,0,NA,NA,NA
Willapa Bay,5,32,062515WB05B,2015-06-25T14:14:00Z,46.678,-124.1913,36315,Chinook salmon,yearling,221,214,135.8,Most to taxa,THYSANOESSA SPINIFERA,THYSANOESSA SPINIFERA,Adult,2,0.027,Most to taxa,Plankton/Crustaceans,Snake_F,0.9986,NA,0,NA,NA,NA
Willapa Bay,5,32,062515WB05B,2015-06-25T14:14:00Z,46.678,-124.1913,36316,Chinook salmon,yearling,251,249,203.2,Most to taxa,ATYLUS TRIDENS,ATYLUS TRIDENS,Adult,2,0.057,Most to taxa,Plankton/Crustaceans,WC_Sp,0.9999,NA,0,NA,NA,NA
Willapa Bay,5,32,062515WB05B,2015-06-25T14:14:00Z,46.678,-124.1913,36316,Chinook salmon,yearling,251,249,203.2,Most to taxa,CANCER OREGONENSIS/PRODUCTUS,CANCER OREG/PROD,Megalopa,3,0.043,Most to taxa,Crab,WC_Sp,0.9999,NA,0,NA,NA,NA
Willapa Bay,5,32,062515WB05B,2015-06-25T14:14:00Z,46.678,-124.1913,36316,Chinook salmon,yearling,251,249,203.2,Most to taxa,CEPHALOPODA,CEPHALOPODA,Juvenile,1,0.158,Most to taxa,Cephalopods,WC_Sp,0.9999,NA,0,NA,NA,NA
Willapa Bay,5,32,062515WB05B,2015-06-25T14:14:00Z,46.678,-124.1913,36317,Chinook salmon,yearling,270,260,262.8,Most to taxa,SEBASTES,ROCKFISH,Juvenile,2,0.493,Most to taxa,Fish,WC_Sp,0.9996,NA,0,NA,NA,NA
Willapa Bay,5,32,062515WB05B,2015-06-25T14:14:00Z,46.678,-124.1913,36318,Chinook salmon,yearling,159,155,41.8,Most to taxa,ATYLUS TRIDENS,ATYLUS TRIDENS,Adult,6,0.051,Most to taxa,Plankton/Crustaceans,Snake_F,0.5958,UCR_Su/F,0.4042,NA,NA,NA
Cape Meares,3,56,062715CM03,2015-06-27T09:48:00Z,45.4985,-124.0398,36584,Chinook salmon,yearling,240,229,199.9,Most to genus or taxa,OCTOPUS RUBESCENS,RED OCTOPUS,Juvenile,1,0.311,Most to genus or taxa,Cephalopods,Mid&UCR_Sp,1,NA,0,NA,NA,NA
Cape Meares,5,82,062715CM05,2015-06-27T11:45:00Z,45.49417,-124.0995,36585,Chinook salmon,yearling,200,190,104,Mostly to spp or genus,CITHARICHTHYS SORDIDUS,PACIFIC SANDDAB,Juvenile,3,1.116,Mostly to spp or genus,Fish,Snake_Sp,1,NA,0,NA,RapidRiver,0.901155
Cape Meares,5,82,062715CM05,2015-06-27T11:45:00Z,45.49417,-124.0995,36586,Chinook salmon,yearling,155,150,38.7,Most to genus or taxa,SEBASTES,ROCKFISH,Juvenile,9,0.344,Most to genus or taxa,Fish,Mid&UCR_Sp,0.9665,Snake_Sp,0.0335,NA,NA,NA
Cape Meares,5,82,062715CM05,2015-06-27T11:45:00Z,45.49417,-124.0995,36586,Chinook salmon,yearling,155,150,38.7,Most to genus or taxa,PSETTICHTHYS MELANOSTICTUS,SAND SOLE,Juvenile,1,0.068,Most to genus or taxa,Fish,Mid&UCR_Sp,0.9665,Snake_Sp,0.0335,NA,NA,NA
Newport,5,60,062815NH05,2015-06-28T09:55:00Z,44.682,-124.1768,36624,Chinook salmon,yearling,212,204,112.1,Most to taxa,OSTEICHTHYES,BONY FISHES,Juvenile,1,0.095,Most to taxa,Fish,WR_Sp,0.9944,NA,0,NA,NA,NA
Newport,5,60,062815NH05,2015-06-28T09:55:00Z,44.682,-124.1768,36625,Chinook salmon,yearling,278,268,236.2,Totally digested,EMPTY STOMACH,EMPTY STOMACH,No Food,NA,0,Totally digested,Empty Stomach,WC_Sp,0.9997,NA,0,NA,NA,NA
Newport,10,78,062815NH10,2015-06-28T12:00:00Z,44.6845,-124.293,36627,Chinook salmon,yearling,206,198,105.2,Some to taxa,UNIDENTIFIED,UNIDENTIFIED MATERIAL,Material,1,0.038,Some to taxa,Inorganic Material,WR_Sp,1,NA,0,NA,NA,NA
,,,,,49,-117,,,,,,,,,,,,,,,,,,,,,